,sample_id,basalt,carbonate,chloride,iron_oxide,oxalate,oxychlorine,phyllosilicate,silicate,sulfate,sulfide
0,S0766,0.12630074,0.1491511,0.17019928,0.15156654,0.0,0.0,0.17254287,0.0,0.21057592,0.0
1,S0767,0.12630074,0.1491511,0.17019928,0.15156654,0.0,0.0,0.17254287,0.0,0.21057592,0.0
2,S0768,0.12630074,0.1491511,0.17019928,0.15156654,0.0,0.0,0.17254287,0.0,0.21057592,0.0
3,S0769,0.12630074,0.1491511,0.17019928,0.15156654,0.0,0.0,0.17254287,0.0,0.21057592,0.0
4,S0770,0.12630074,0.1491511,0.17019928,0.15156654,0.0,0.0,0.17254287,0.0,0.21057592,0.0
5,S0771,0.12630074,0.1491511,0.17019928,0.15156654,0.0,0.0,0.17254287,0.0,0.21057592,0.0
6,S0772,0.12630074,0.1491511,0.17019928,0.15156654,0.0,0.0,0.17254287,0.0,0.21057592,0.0
7,S0773,0.12630074,0.1491511,0.17019928,0.15156654,0.0,0.0,0.17254287,0.0,0.21057592,0.0
8,S0774,0.12630074,0.1491511,0.17019928,0.15156654,0.0,0.0,0.17254287,0.0,0.21057592,0.0
9,S0775,0.12630074,0.1491511,0.17019928,0.15156654,0.0,0.0,0.17254287,0.0,0.21057592,0.0
10,S0776,0.12630074,0.1491511,0.17019928,0.15156654,0.0,0.0,0.17254287,0.0,0.21057592,0.0
11,S0777,0.12630074,0.1491511,0.17019928,0.15156654,0.0,0.0,0.17254287,0.0,0.21057592,0.0
12,S0778,0.12630074,0.1491511,0.17019928,0.15156654,0.0,0.0,0.17254287,0.0,0.21057592,0.0
13,S0779,0.12630074,0.1491511,0.17019928,0.15156654,0.0,0.0,0.17254287,0.0,0.21057592,0.0
14,S0780,0.12630074,0.1491511,0.17019928,0.15156654,0.0,0.0,0.17254287,0.0,0.21057592,0.0
15,S0781,0.12630074,0.1491511,0.17019928,0.15156654,0.0,0.0,0.17254287,0.0,0.21057592,0.0
16,S0782,0.12630074,0.1491511,0.17019928,0.15156654,0.0,0.0,0.17254287,0.0,0.21057592,0.0
17,S0783,0.12630074,0.1491511,0.17019928,0.15156654,0.0,0.0,0.17254287,0.0,0.21057592,0.0
18,S0784,0.12630074,0.1491511,0.17019928,0.15156654,0.0,0.0,0.17254287,0.0,0.21057592,0.0
19,S0785,0.12630074,0.1491511,0.17019928,0.15156654,0.0,0.0,0.17254287,0.0,0.21057592,0.0
20,S0786,0.12630074,0.1491511,0.17019928,0.15156654,0.0,0.0,0.17254287,0.0,0.21057592,0.0
21,S0787,0.12630074,0.1491511,0.17019928,0.15156654,0.0,0.0,0.17254287,0.0,0.21057592,0.0
22,S0788,0.12630074,0.1491511,0.17019928,0.15156654,0.0,0.0,0.17254287,0.0,0.21057592,0.0
23,S0789,0.12630074,0.1491511,0.17019928,0.15156654,0.0,0.0,0.17254287,0.0,0.21057592,0.0
24,S0790,0.12630074,0.1491511,0.17019928,0.15156654,0.0,0.0,0.17254287,0.0,0.21057592,0.0
25,S0791,0.12630074,0.1491511,0.17019928,0.15156654,0.0,0.0,0.17254287,0.0,0.21057592,0.0
26,S0792,0.12630074,0.1491511,0.17019928,0.15156654,0.0,0.0,0.17254287,0.0,0.21057592,0.0
27,S0793,0.12630074,0.1491511,0.17019928,0.15156654,0.0,0.0,0.17254287,0.0,0.21057592,0.0
28,S0794,0.12630074,0.1491511,0.17019928,0.15156654,0.0,0.0,0.17254287,0.0,0.21057592,0.0
29,S0795,0.12630074,0.1491511,0.17019928,0.15156654,0.0,0.0,0.17254287,0.0,0.21057592,0.0
30,S0796,0.12630074,0.1491511,0.17019928,0.15156654,0.0,0.0,0.17254287,0.0,0.21057592,0.0
31,S0797,0.12630074,0.1491511,0.17019928,0.15156654,0.0,0.0,0.17254287,0.0,0.21057592,0.0
32,S0798,0.12630074,0.1491511,0.17019928,0.15156654,0.0,0.0,0.17254287,0.0,0.21057592,0.0
33,S0799,0.12630074,0.1491511,0.17019928,0.15156654,0.0,0.0,0.17254287,0.0,0.21057592,0.0
34,S0800,0.12630074,0.1491511,0.17019928,0.15156654,0.0,0.0,0.17254287,0.0,0.21057592,0.0
35,S0801,0.12630074,0.1491511,0.17019928,0.15156654,0.0,0.0,0.17254287,0.0,0.21057592,0.0
36,S0802,0.12630074,0.1491511,0.17019928,0.15156654,0.0,0.0,0.17254287,0.0,0.21057592,0.0
37,S0803,0.12630074,0.1491511,0.17019928,0.15156654,0.0,0.0,0.17254287,0.0,0.21057592,0.0
38,S0804,0.12630074,0.1491511,0.17019928,0.15156654,0.0,0.0,0.17254287,0.0,0.21057592,0.0
39,S0805,0.12630074,0.1491511,0.17019928,0.15156654,0.0,0.0,0.17254287,0.0,0.21057592,0.0
40,S0806,0.12630074,0.1491511,0.17019928,0.15156654,0.0,0.0,0.17254287,0.0,0.21057592,0.0
41,S0807,0.12630074,0.1491511,0.17019928,0.15156654,0.0,0.0,0.17254287,0.0,0.21057592,0.0
42,S0808,0.12630074,0.1491511,0.17019928,0.15156654,0.0,0.0,0.17254287,0.0,0.21057592,0.0
43,S0809,0.12630074,0.1491511,0.17019928,0.15156654,0.0,0.0,0.17254287,0.0,0.21057592,0.0
44,S0810,0.12630074,0.1491511,0.17019928,0.15156654,0.0,0.0,0.17254287,0.0,0.21057592,0.0
45,S0811,0.12630074,0.1491511,0.17019928,0.15156654,0.0,0.0,0.17254287,0.0,0.21057592,0.0
46,S0812,0.12630074,0.1491511,0.17019928,0.15156654,0.0,0.0,0.17254287,0.0,0.21057592,0.0
47,S0813,0.12630074,0.1491511,0.17019928,0.15156654,0.0,0.0,0.17254287,0.0,0.21057592,0.0
48,S0814,0.12630074,0.1491511,0.17019928,0.15156654,0.0,0.0,0.17254287,0.0,0.21057592,0.0
49,S0815,0.12630074,0.1491511,0.17019928,0.15156654,0.0,0.0,0.17254287,0.0,0.21057592,0.0
50,S0816,0.12630074,0.1491511,0.17019928,0.15156654,0.0,0.0,0.17254287,0.0,0.21057592,0.0
51,S0817,0.12630074,0.1491511,0.17019928,0.15156654,0.0,0.0,0.17254287,0.0,0.21057592,0.0
52,S0818,0.12630074,0.1491511,0.17019928,0.15156654,0.0,0.0,0.17254287,0.0,0.21057592,0.0
53,S0819,0.12630074,0.1491511,0.17019928,0.15156654,0.0,0.0,0.17254287,0.0,0.21057592,0.0
54,S0820,0.12630074,0.1491511,0.17019928,0.15156654,0.0,0.0,0.17254287,0.0,0.21057592,0.0
55,S0821,0.12630074,0.1491511,0.17019928,0.15156654,0.0,0.0,0.17254287,0.0,0.21057592,0.0
56,S0822,0.12630074,0.1491511,0.17019928,0.15156654,0.0,0.0,0.17254287,0.0,0.21057592,0.0
57,S0823,0.12630074,0.1491511,0.17019928,0.15156654,0.0,0.0,0.17254287,0.0,0.21057592,0.0
58,S0824,0.12630074,0.1491511,0.17019928,0.15156654,0.0,0.0,0.17254287,0.0,0.21057592,0.0
59,S0825,0.12630074,0.1491511,0.17019928,0.15156654,0.0,0.0,0.17254287,0.0,0.21057592,0.0
60,S0826,0.12630074,0.1491511,0.17019928,0.15156654,0.0,0.0,0.17254287,0.0,0.21057592,0.0
61,S0827,0.12630074,0.1491511,0.17019928,0.15156654,0.0,0.0,0.17254287,0.0,0.21057592,0.0
62,S0828,0.12630074,0.1491511,0.17019928,0.15156654,0.0,0.0,0.17254287,0.0,0.21057592,0.0
63,S0829,0.12630074,0.1491511,0.17019928,0.15156654,0.0,0.0,0.17254287,0.0,0.21057592,0.0
64,S0830,0.12630074,0.1491511,0.17019928,0.15156654,0.0,0.0,0.17254287,0.0,0.21057592,0.0
65,S0831,0.12630074,0.1491511,0.17019928,0.15156654,0.0,0.0,0.17254287,0.0,0.21057592,0.0
66,S0832,0.12630074,0.1491511,0.17019928,0.15156654,0.0,0.0,0.17254287,0.0,0.21057592,0.0
67,S0833,0.12630074,0.1491511,0.17019928,0.15156654,0.0,0.0,0.17254287,0.0,0.21057592,0.0
68,S0834,0.12630074,0.1491511,0.17019928,0.15156654,0.0,0.0,0.17254287,0.0,0.21057592,0.0
69,S0835,0.12630074,0.1491511,0.17019928,0.15156654,0.0,0.0,0.17254287,0.0,0.21057592,0.0
70,S0836,0.12630074,0.1491511,0.17019928,0.15156654,0.0,0.0,0.17254287,0.0,0.21057592,0.0
71,S0837,0.12630074,0.1491511,0.17019928,0.15156654,0.0,0.0,0.17254287,0.0,0.21057592,0.0
72,S0838,0.12630074,0.1491511,0.17019928,0.15156654,0.0,0.0,0.17254287,0.0,0.21057592,0.0
73,S0839,0.12630074,0.1491511,0.17019928,0.15156654,0.0,0.0,0.17254287,0.0,0.21057592,0.0
74,S0840,0.12630074,0.1491511,0.17019928,0.15156654,0.0,0.0,0.17254287,0.0,0.21057592,0.0
75,S0841,0.12630074,0.1491511,0.17019928,0.15156654,0.0,0.0,0.17254287,0.0,0.21057592,0.0
76,S0842,0.12630074,0.1491511,0.17019928,0.15156654,0.0,0.0,0.17254287,0.0,0.21057592,0.0
77,S0843,0.12630074,0.1491511,0.17019928,0.15156654,0.0,0.0,0.17254287,0.0,0.21057592,0.0
78,S0844,0.12630074,0.1491511,0.17019928,0.15156654,0.0,0.0,0.17254287,0.0,0.21057592,0.0
79,S0845,0.12630074,0.1491511,0.17019928,0.15156654,0.0,0.0,0.17254287,0.0,0.21057592,0.0
80,S0846,0.12630074,0.1491511,0.17019928,0.15156654,0.0,0.0,0.17254287,0.0,0.21057592,0.0
81,S0847,0.12630074,0.1491511,0.17019928,0.15156654,0.0,0.0,0.17254287,0.0,0.21057592,0.0
82,S0848,0.12630074,0.1491511,0.17019928,0.15156654,0.0,0.0,0.17254287,0.0,0.21057592,0.0
83,S0849,0.12630074,0.1491511,0.17019928,0.15156654,0.0,0.0,0.17254287,0.0,0.21057592,0.0
84,S0850,0.12630074,0.1491511,0.17019928,0.15156654,0.0,0.0,0.17254287,0.0,0.21057592,0.0
85,S0851,0.12630074,0.1491511,0.17019928,0.15156654,0.0,0.0,0.17254287,0.0,0.21057592,0.0
86,S0852,0.12630074,0.1491511,0.17019928,0.15156654,0.0,0.0,0.17254287,0.0,0.21057592,0.0
87,S0853,0.12630074,0.1491511,0.17019928,0.15156654,0.0,0.0,0.17254287,0.0,0.21057592,0.0
88,S0854,0.12630074,0.1491511,0.17019928,0.15156654,0.0,0.0,0.17254287,0.0,0.21057592,0.0
89,S0855,0.12630074,0.1491511,0.17019928,0.15156654,0.0,0.0,0.17254287,0.0,0.21057592,0.0
90,S0856,0.12630074,0.1491511,0.17019928,0.15156654,0.0,0.0,0.17254287,0.0,0.21057592,0.0
91,S0857,0.12630074,0.1491511,0.17019928,0.15156654,0.0,0.0,0.17254287,0.0,0.21057592,0.0
92,S0858,0.12630074,0.1491511,0.17019928,0.15156654,0.0,0.0,0.17254287,0.0,0.21057592,0.0
93,S0859,0.12630074,0.1491511,0.17019928,0.15156654,0.0,0.0,0.17254287,0.0,0.21057592,0.0
94,S0860,0.12630074,0.1491511,0.17019928,0.15156654,0.0,0.0,0.17254287,0.0,0.21057592,0.0
95,S0861,0.12630074,0.1491511,0.17019928,0.15156654,0.0,0.0,0.17254287,0.0,0.21057592,0.0
96,S0862,0.12630074,0.1491511,0.17019928,0.15156654,0.0,0.0,0.17254287,0.0,0.21057592,0.0
97,S0863,0.12630074,0.1491511,0.17019928,0.15156654,0.0,0.0,0.17254287,0.0,0.21057592,0.0
98,S0864,0.12630074,0.1491511,0.17019928,0.15156654,0.0,0.0,0.17254287,0.0,0.21057592,0.0
99,S0865,0.12630074,0.1491511,0.17019928,0.15156654,0.0,0.0,0.17254287,0.0,0.21057592,0.0
100,S0866,0.12630074,0.1491511,0.17019928,0.15156654,0.0,0.0,0.17254287,0.0,0.21057592,0.0
101,S0867,0.12630074,0.1491511,0.17019928,0.15156654,0.0,0.0,0.17254287,0.0,0.21057592,0.0
102,S0868,0.12630074,0.1491511,0.17019928,0.15156654,0.0,0.0,0.17254287,0.0,0.21057592,0.0
103,S0869,0.12630074,0.1491511,0.17019928,0.15156654,0.0,0.0,0.17254287,0.0,0.21057592,0.0
104,S0870,0.12630074,0.1491511,0.17019928,0.15156654,0.0,0.0,0.17254287,0.0,0.21057592,0.0
105,S0871,0.12630074,0.1491511,0.17019928,0.15156654,0.0,0.0,0.17254287,0.0,0.21057592,0.0
106,S0872,0.12630074,0.1491511,0.17019928,0.15156654,0.0,0.0,0.17254287,0.0,0.21057592,0.0
107,S0873,0.12630074,0.1491511,0.17019928,0.15156654,0.0,0.0,0.17254287,0.0,0.21057592,0.0
108,S0874,0.12630074,0.1491511,0.17019928,0.15156654,0.0,0.0,0.17254287,0.0,0.21057592,0.0
109,S0875,0.12630074,0.1491511,0.17019928,0.15156654,0.0,0.0,0.17254287,0.0,0.21057592,0.0
110,S0876,0.12630074,0.1491511,0.17019928,0.15156654,0.0,0.0,0.17254287,0.0,0.21057592,0.0
111,S0877,0.12630074,0.1491511,0.17019928,0.15156654,0.0,0.0,0.17254287,0.0,0.21057592,0.0
112,S0878,0.12630074,0.1491511,0.17019928,0.15156654,0.0,0.0,0.17254287,0.0,0.21057592,0.0
113,S0879,0.12630074,0.1491511,0.17019928,0.15156654,0.0,0.0,0.17254287,0.0,0.21057592,0.0
114,S0880,0.12630074,0.1491511,0.17019928,0.15156654,0.0,0.0,0.17254287,0.0,0.21057592,0.0
115,S0881,0.12630074,0.1491511,0.17019928,0.15156654,0.0,0.0,0.17254287,0.0,0.21057592,0.0
116,S0882,0.12630074,0.1491511,0.17019928,0.15156654,0.0,0.0,0.17254287,0.0,0.21057592,0.0
117,S0883,0.12630074,0.1491511,0.17019928,0.15156654,0.0,0.0,0.17254287,0.0,0.21057592,0.0
118,S0884,0.12630074,0.1491511,0.17019928,0.15156654,0.0,0.0,0.17254287,0.0,0.21057592,0.0
119,S0885,0.12630074,0.1491511,0.17019928,0.15156654,0.0,0.0,0.17254287,0.0,0.21057592,0.0
120,S0886,0.12630074,0.1491511,0.17019928,0.15156654,0.0,0.0,0.17254287,0.0,0.21057592,0.0
121,S0887,0.12630074,0.1491511,0.17019928,0.15156654,0.0,0.0,0.17254287,0.0,0.21057592,0.0
122,S0888,0.12630074,0.1491511,0.17019928,0.15156654,0.0,0.0,0.17254287,0.0,0.21057592,0.0
123,S0889,0.12630074,0.1491511,0.17019928,0.15156654,0.0,0.0,0.17254287,0.0,0.21057592,0.0
124,S0890,0.12630074,0.1491511,0.17019928,0.15156654,0.0,0.0,0.17254287,0.0,0.21057592,0.0
125,S0891,0.12630074,0.1491511,0.17019928,0.15156654,0.0,0.0,0.17254287,0.0,0.21057592,0.0
126,S0892,0.12630074,0.1491511,0.17019928,0.15156654,0.0,0.0,0.17254287,0.0,0.21057592,0.0
127,S0893,0.12630074,0.1491511,0.17019928,0.15156654,0.0,0.0,0.17254287,0.0,0.21057592,0.0
128,S0894,0.12630074,0.1491511,0.17019928,0.15156654,0.0,0.0,0.17254287,0.0,0.21057592,0.0
129,S0895,0.12630074,0.1491511,0.17019928,0.15156654,0.0,0.0,0.17254287,0.0,0.21057592,0.0
130,S0896,0.12630074,0.1491511,0.17019928,0.15156654,0.0,0.0,0.17254287,0.0,0.21057592,0.0
131,S0897,0.12630074,0.1491511,0.17019928,0.15156654,0.0,0.0,0.17254287,0.0,0.21057592,0.0
132,S0898,0.12630074,0.1491511,0.17019928,0.15156654,0.0,0.0,0.17254287,0.0,0.21057592,0.0
133,S0899,0.12630074,0.1491511,0.17019928,0.15156654,0.0,0.0,0.17254287,0.0,0.21057592,0.0
134,S0900,0.12630074,0.1491511,0.17019928,0.15156654,0.0,0.0,0.17254287,0.0,0.21057592,0.0
135,S0901,0.12630074,0.1491511,0.17019928,0.15156654,0.0,0.0,0.17254287,0.0,0.21057592,0.0
136,S0902,0.12630074,0.1491511,0.17019928,0.15156654,0.0,0.0,0.17254287,0.0,0.21057592,0.0
137,S0903,0.12630074,0.1491511,0.17019928,0.15156654,0.0,0.0,0.17254287,0.0,0.21057592,0.0
138,S0904,0.12630074,0.1491511,0.17019928,0.15156654,0.0,0.0,0.17254287,0.0,0.21057592,0.0
139,S0905,0.12630074,0.1491511,0.17019928,0.15156654,0.0,0.0,0.17254287,0.0,0.21057592,0.0
140,S0906,0.12630074,0.1491511,0.17019928,0.15156654,0.0,0.0,0.17254287,0.0,0.21057592,0.0
141,S0907,0.12630074,0.1491511,0.17019928,0.15156654,0.0,0.0,0.17254287,0.0,0.21057592,0.0
142,S0908,0.12630074,0.1491511,0.17019928,0.15156654,0.0,0.0,0.17254287,0.0,0.21057592,0.0
143,S0909,0.12630074,0.1491511,0.17019928,0.15156654,0.0,0.0,0.17254287,0.0,0.21057592,0.0
144,S0910,0.12630074,0.1491511,0.17019928,0.15156654,0.0,0.0,0.17254287,0.0,0.21057592,0.0
145,S0911,0.12630074,0.1491511,0.17019928,0.15156654,0.0,0.0,0.17254287,0.0,0.21057592,0.0
146,S0912,0.12630074,0.1491511,0.17019928,0.15156654,0.0,0.0,0.17254287,0.0,0.21057592,0.0
147,S0913,0.12630074,0.1491511,0.17019928,0.15156654,0.0,0.0,0.17254287,0.0,0.21057592,0.0
148,S0914,0.12630074,0.1491511,0.17019928,0.15156654,0.0,0.0,0.17254287,0.0,0.21057592,0.0
149,S0915,0.12630074,0.1491511,0.17019928,0.15156654,0.0,0.0,0.17254287,0.0,0.21057592,0.0
150,S0916,0.12630074,0.1491511,0.17019928,0.15156654,0.0,0.0,0.17254287,0.0,0.21057592,0.0
151,S0917,0.12630074,0.1491511,0.17019928,0.15156654,0.0,0.0,0.17254287,0.0,0.21057592,0.0
152,S0918,0.12630074,0.1491511,0.17019928,0.15156654,0.0,0.0,0.17254287,0.0,0.21057592,0.0
153,S0919,0.12630074,0.1491511,0.17019928,0.15156654,0.0,0.0,0.17254287,0.0,0.21057592,0.0
154,S0920,0.12630074,0.1491511,0.17019928,0.15156654,0.0,0.0,0.17254287,0.0,0.21057592,0.0
155,S0921,0.12630074,0.1491511,0.17019928,0.15156654,0.0,0.0,0.17254287,0.0,0.21057592,0.0
156,S0922,0.12630074,0.1491511,0.17019928,0.15156654,0.0,0.0,0.17254287,0.0,0.21057592,0.0
157,S0923,0.12630074,0.1491511,0.17019928,0.15156654,0.0,0.0,0.17254287,0.0,0.21057592,0.0
158,S0924,0.12630074,0.1491511,0.17019928,0.15156654,0.0,0.0,0.17254287,0.0,0.21057592,0.0
159,S0925,0.12630074,0.1491511,0.17019928,0.15156654,0.0,0.0,0.17254287,0.0,0.21057592,0.0
160,S0926,0.12630074,0.1491511,0.17019928,0.15156654,0.0,0.0,0.17254287,0.0,0.21057592,0.0
161,S0927,0.12630074,0.1491511,0.17019928,0.15156654,0.0,0.0,0.17254287,0.0,0.21057592,0.0
162,S0928,0.12630074,0.1491511,0.17019928,0.15156654,0.0,0.0,0.17254287,0.0,0.21057592,0.0
163,S0929,0.12630074,0.1491511,0.17019928,0.15156654,0.0,0.0,0.17254287,0.0,0.21057592,0.0
164,S0930,0.12630074,0.1491511,0.17019928,0.15156654,0.0,0.0,0.17254287,0.0,0.21057592,0.0
165,S0931,0.12630074,0.1491511,0.17019928,0.15156654,0.0,0.0,0.17254287,0.0,0.21057592,0.0
166,S0932,0.12630074,0.1491511,0.17019928,0.15156654,0.0,0.0,0.17254287,0.0,0.21057592,0.0
167,S0933,0.12630074,0.1491511,0.17019928,0.15156654,0.0,0.0,0.17254287,0.0,0.21057592,0.0
168,S0934,0.12630074,0.1491511,0.17019928,0.15156654,0.0,0.0,0.17254287,0.0,0.21057592,0.0
169,S0935,0.12630074,0.1491511,0.17019928,0.15156654,0.0,0.0,0.17254287,0.0,0.21057592,0.0
170,S0936,0.12630074,0.1491511,0.17019928,0.15156654,0.0,0.0,0.17254287,0.0,0.21057592,0.0
171,S0937,0.12630074,0.1491511,0.17019928,0.15156654,0.0,0.0,0.17254287,0.0,0.21057592,0.0
172,S0938,0.12630074,0.1491511,0.17019928,0.15156654,0.0,0.0,0.17254287,0.0,0.21057592,0.0
173,S0939,0.12630074,0.1491511,0.17019928,0.15156654,0.0,0.0,0.17254287,0.0,0.21057592,0.0
174,S0940,0.12630074,0.1491511,0.17019928,0.15156654,0.0,0.0,0.17254287,0.0,0.21057592,0.0
175,S0941,0.12630074,0.1491511,0.17019928,0.15156654,0.0,0.0,0.17254287,0.0,0.21057592,0.0
176,S0942,0.12630074,0.1491511,0.17019928,0.15156654,0.0,0.0,0.17254287,0.0,0.21057592,0.0
177,S0943,0.12630074,0.1491511,0.17019928,0.15156654,0.0,0.0,0.17254287,0.0,0.21057592,0.0
178,S0944,0.12630074,0.1491511,0.17019928,0.15156654,0.0,0.0,0.17254287,0.0,0.21057592,0.0
179,S0945,0.12630074,0.1491511,0.17019928,0.15156654,0.0,0.0,0.17254287,0.0,0.21057592,0.0
180,S0946,0.12630074,0.1491511,0.17019928,0.15156654,0.0,0.0,0.17254287,0.0,0.21057592,0.0
181,S0947,0.12630074,0.1491511,0.17019928,0.15156654,0.0,0.0,0.17254287,0.0,0.21057592,0.0
182,S0948,0.12630074,0.1491511,0.17019928,0.15156654,0.0,0.0,0.17254287,0.0,0.21057592,0.0
183,S0949,0.12630074,0.1491511,0.17019928,0.15156654,0.0,0.0,0.17254287,0.0,0.21057592,0.0
184,S0950,0.12630074,0.1491511,0.17019928,0.15156654,0.0,0.0,0.17254287,0.0,0.21057592,0.0
185,S0951,0.12630074,0.1491511,0.17019928,0.15156654,0.0,0.0,0.17254287,0.0,0.21057592,0.0
186,S0952,0.12630074,0.1491511,0.17019928,0.15156654,0.0,0.0,0.17254287,0.0,0.21057592,0.0
187,S0953,0.12630074,0.1491511,0.17019928,0.15156654,0.0,0.0,0.17254287,0.0,0.21057592,0.0
188,S0954,0.12630074,0.1491511,0.17019928,0.15156654,0.0,0.0,0.17254287,0.0,0.21057592,0.0
189,S0955,0.12630074,0.1491511,0.17019928,0.15156654,0.0,0.0,0.17254287,0.0,0.21057592,0.0
190,S0956,0.12630074,0.1491511,0.17019928,0.15156654,0.0,0.0,0.17254287,0.0,0.21057592,0.0
191,S0957,0.12630074,0.1491511,0.17019928,0.15156654,0.0,0.0,0.17254287,0.0,0.21057592,0.0
192,S0958,0.12630074,0.1491511,0.17019928,0.15156654,0.0,0.0,0.17254287,0.0,0.21057592,0.0
193,S0959,0.12630074,0.1491511,0.17019928,0.15156654,0.0,0.0,0.17254287,0.0,0.21057592,0.0
194,S0960,0.12630074,0.1491511,0.17019928,0.15156654,0.0,0.0,0.17254287,0.0,0.21057592,0.0
195,S0961,0.12630074,0.1491511,0.17019928,0.15156654,0.0,0.0,0.17254287,0.0,0.21057592,0.0
196,S0962,0.12630074,0.1491511,0.17019928,0.15156654,0.0,0.0,0.17254287,0.0,0.21057592,0.0
197,S0963,0.12630074,0.1491511,0.17019928,0.15156654,0.0,0.0,0.17254287,0.0,0.21057592,0.0
198,S0964,0.12630074,0.1491511,0.17019928,0.15156654,0.0,0.0,0.17254287,0.0,0.21057592,0.0
199,S0965,0.12630074,0.1491511,0.17019928,0.15156654,0.0,0.0,0.17254287,0.0,0.21057592,0.0
200,S0966,0.12630074,0.1491511,0.17019928,0.15156654,0.0,0.0,0.17254287,0.0,0.21057592,0.0
201,S0967,0.12630074,0.1491511,0.17019928,0.15156654,0.0,0.0,0.17254287,0.0,0.21057592,0.0
202,S0968,0.12630074,0.1491511,0.17019928,0.15156654,0.0,0.0,0.17254287,0.0,0.21057592,0.0
203,S0969,0.12630074,0.1491511,0.17019928,0.15156654,0.0,0.0,0.17254287,0.0,0.21057592,0.0
204,S0970,0.12630074,0.1491511,0.17019928,0.15156654,0.0,0.0,0.17254287,0.0,0.21057592,0.0
205,S0971,0.12630074,0.1491511,0.17019928,0.15156654,0.0,0.0,0.17254287,0.0,0.21057592,0.0
206,S0972,0.12630074,0.1491511,0.17019928,0.15156654,0.0,0.0,0.17254287,0.0,0.21057592,0.0
207,S0973,0.12630074,0.1491511,0.17019928,0.15156654,0.0,0.0,0.17254287,0.0,0.21057592,0.0
208,S0974,0.12630074,0.1491511,0.17019928,0.15156654,0.0,0.0,0.17254287,0.0,0.21057592,0.0
209,S0975,0.12630074,0.1491511,0.17019928,0.15156654,0.0,0.0,0.17254287,0.0,0.21057592,0.0
210,S0976,0.12630074,0.1491511,0.17019928,0.15156654,0.0,0.0,0.17254287,0.0,0.21057592,0.0
211,S0977,0.12630074,0.1491511,0.17019928,0.15156654,0.0,0.0,0.17254287,0.0,0.21057592,0.0
212,S0978,0.12630074,0.1491511,0.17019928,0.15156654,0.0,0.0,0.17254287,0.0,0.21057592,0.0
213,S0979,0.12630074,0.1491511,0.17019928,0.15156654,0.0,0.0,0.17254287,0.0,0.21057592,0.0
214,S0980,0.12630074,0.1491511,0.17019928,0.15156654,0.0,0.0,0.17254287,0.0,0.21057592,0.0
215,S0981,0.12630074,0.1491511,0.17019928,0.15156654,0.0,0.0,0.17254287,0.0,0.21057592,0.0
216,S0982,0.12630074,0.1491511,0.17019928,0.15156654,0.0,0.0,0.17254287,0.0,0.21057592,0.0
217,S0983,0.12630074,0.1491511,0.17019928,0.15156654,0.0,0.0,0.17254287,0.0,0.21057592,0.0
218,S0984,0.12630074,0.1491511,0.17019928,0.15156654,0.0,0.0,0.17254287,0.0,0.21057592,0.0
219,S0985,0.12630074,0.1491511,0.17019928,0.15156654,0.0,0.0,0.17254287,0.0,0.21057592,0.0
220,S0986,0.12630074,0.1491511,0.17019928,0.15156654,0.0,0.0,0.17254287,0.0,0.21057592,0.0
221,S0987,0.12630074,0.1491511,0.17019928,0.15156654,0.0,0.0,0.17254287,0.0,0.21057592,0.0
222,S0988,0.12630074,0.1491511,0.17019928,0.15156654,0.0,0.0,0.17254287,0.0,0.21057592,0.0
223,S0989,0.12630074,0.1491511,0.17019928,0.15156654,0.0,0.0,0.17254287,0.0,0.21057592,0.0
224,S0990,0.12630074,0.1491511,0.17019928,0.15156654,0.0,0.0,0.17254287,0.0,0.21057592,0.0
225,S0991,0.12630074,0.1491511,0.17019928,0.15156654,0.0,0.0,0.17254287,0.0,0.21057592,0.0
226,S0992,0.12630074,0.1491511,0.17019928,0.15156654,0.0,0.0,0.17254287,0.0,0.21057592,0.0
227,S0993,0.12630074,0.1491511,0.17019928,0.15156654,0.0,0.0,0.17254287,0.0,0.21057592,0.0
228,S0994,0.12630074,0.1491511,0.17019928,0.15156654,0.0,0.0,0.17254287,0.0,0.21057592,0.0
229,S0995,0.12630074,0.1491511,0.17019928,0.15156654,0.0,0.0,0.17254287,0.0,0.21057592,0.0
230,S0996,0.12630074,0.1491511,0.17019928,0.15156654,0.0,0.0,0.17254287,0.0,0.21057592,0.0
231,S0997,0.12630074,0.1491511,0.17019928,0.15156654,0.0,0.0,0.17254287,0.0,0.21057592,0.0
232,S0998,0.12630074,0.1491511,0.17019928,0.15156654,0.0,0.0,0.17254287,0.0,0.21057592,0.0
233,S0999,0.12630074,0.1491511,0.17019928,0.15156654,0.0,0.0,0.17254287,0.0,0.21057592,0.0
234,S1000,0.12630074,0.1491511,0.17019928,0.15156654,0.0,0.0,0.17254287,0.0,0.21057592,0.0
235,S1001,0.12630074,0.1491511,0.17019928,0.15156654,0.0,0.0,0.17254287,0.0,0.21057592,0.0
236,S1002,0.12630074,0.1491511,0.17019928,0.15156654,0.0,0.0,0.17254287,0.0,0.21057592,0.0
237,S1003,0.12630074,0.1491511,0.17019928,0.15156654,0.0,0.0,0.17254287,0.0,0.21057592,0.0
238,S1004,0.12630074,0.1491511,0.17019928,0.15156654,0.0,0.0,0.17254287,0.0,0.21057592,0.0
239,S1005,0.12630074,0.1491511,0.17019928,0.15156654,0.0,0.0,0.17254287,0.0,0.21057592,0.0
240,S1006,0.12630074,0.1491511,0.17019928,0.15156654,0.0,0.0,0.17254287,0.0,0.21057592,0.0
241,S1007,0.12630074,0.1491511,0.17019928,0.15156654,0.0,0.0,0.17254287,0.0,0.21057592,0.0
242,S1008,0.12630074,0.1491511,0.17019928,0.15156654,0.0,0.0,0.17254287,0.0,0.21057592,0.0
243,S1009,0.12630074,0.1491511,0.17019928,0.15156654,0.0,0.0,0.17254287,0.0,0.21057592,0.0
244,S1010,0.12630074,0.1491511,0.17019928,0.15156654,0.0,0.0,0.17254287,0.0,0.21057592,0.0
245,S1011,0.12630074,0.1491511,0.17019928,0.15156654,0.0,0.0,0.17254287,0.0,0.21057592,0.0
246,S1012,0.12630074,0.1491511,0.17019928,0.15156654,0.0,0.0,0.17254287,0.0,0.21057592,0.0
247,S1013,0.12630074,0.1491511,0.17019928,0.15156654,0.0,0.0,0.17254287,0.0,0.21057592,0.0
248,S1014,0.12630074,0.1491511,0.17019928,0.15156654,0.0,0.0,0.17254287,0.0,0.21057592,0.0
249,S1015,0.12630074,0.1491511,0.17019928,0.15156654,0.0,0.0,0.17254287,0.0,0.21057592,0.0
250,S1016,0.12630074,0.1491511,0.17019928,0.15156654,0.0,0.0,0.17254287,0.0,0.21057592,0.0
251,S1017,0.12630074,0.1491511,0.17019928,0.15156654,0.0,0.0,0.17254287,0.0,0.21057592,0.0
252,S1018,0.12630074,0.1491511,0.17019928,0.15156654,0.0,0.0,0.17254287,0.0,0.21057592,0.0
253,S1019,0.12630074,0.1491511,0.17019928,0.15156654,0.0,0.0,0.17254287,0.0,0.21057592,0.0
254,S1020,0.12630074,0.1491511,0.17019928,0.15156654,0.0,0.0,0.17254287,0.0,0.21057592,0.0
255,S1021,0.12630074,0.1491511,0.17019928,0.15156654,0.0,0.0,0.17254287,0.0,0.21057592,0.0
256,S1022,0.12630074,0.1491511,0.17019928,0.15156654,0.0,0.0,0.17254287,0.0,0.21057592,0.0
257,S1023,0.12630074,0.1491511,0.17019928,0.15156654,0.0,0.0,0.17254287,0.0,0.21057592,0.0
258,S1024,0.12630074,0.1491511,0.17019928,0.15156654,0.0,0.0,0.17254287,0.0,0.21057592,0.0
259,S1025,0.12630074,0.1491511,0.17019928,0.15156654,0.0,0.0,0.17254287,0.0,0.21057592,0.0
260,S1026,0.12630074,0.1491511,0.17019928,0.15156654,0.0,0.0,0.17254287,0.0,0.21057592,0.0
261,S1027,0.12630074,0.1491511,0.17019928,0.15156654,0.0,0.0,0.17254287,0.0,0.21057592,0.0
262,S1028,0.12630074,0.1491511,0.17019928,0.15156654,0.0,0.0,0.17254287,0.0,0.21057592,0.0
263,S1029,0.12630074,0.1491511,0.17019928,0.15156654,0.0,0.0,0.17254287,0.0,0.21057592,0.0
264,S1030,0.12630074,0.1491511,0.17019928,0.15156654,0.0,0.0,0.17254287,0.0,0.21057592,0.0
265,S1031,0.12630074,0.1491511,0.17019928,0.15156654,0.0,0.0,0.17254287,0.0,0.21057592,0.0
266,S1032,0.12630074,0.1491511,0.17019928,0.15156654,0.0,0.0,0.17254287,0.0,0.21057592,0.0
267,S1033,0.12630074,0.1491511,0.17019928,0.15156654,0.0,0.0,0.17254287,0.0,0.21057592,0.0
268,S1034,0.12630074,0.1491511,0.17019928,0.15156654,0.0,0.0,0.17254287,0.0,0.21057592,0.0
269,S1035,0.12630074,0.1491511,0.17019928,0.15156654,0.0,0.0,0.17254287,0.0,0.21057592,0.0
270,S1036,0.12630074,0.1491511,0.17019928,0.15156654,0.0,0.0,0.17254287,0.0,0.21057592,0.0
271,S1037,0.12630074,0.1491511,0.17019928,0.15156654,0.0,0.0,0.17254287,0.0,0.21057592,0.0
272,S1038,0.12630074,0.1491511,0.17019928,0.15156654,0.0,0.0,0.17254287,0.0,0.21057592,0.0
273,S1039,0.12630074,0.1491511,0.17019928,0.15156654,0.0,0.0,0.17254287,0.0,0.21057592,0.0
274,S1040,0.12630074,0.1491511,0.17019928,0.15156654,0.0,0.0,0.17254287,0.0,0.21057592,0.0
275,S1041,0.12630074,0.1491511,0.17019928,0.15156654,0.0,0.0,0.17254287,0.0,0.21057592,0.0
276,S1042,0.12630074,0.1491511,0.17019928,0.15156654,0.0,0.0,0.17254287,0.0,0.21057592,0.0
277,S1043,0.12630074,0.1491511,0.17019928,0.15156654,0.0,0.0,0.17254287,0.0,0.21057592,0.0
278,S1044,0.12630074,0.1491511,0.17019928,0.15156654,0.0,0.0,0.17254287,0.0,0.21057592,0.0
279,S1045,0.12630074,0.1491511,0.17019928,0.15156654,0.0,0.0,0.17254287,0.0,0.21057592,0.0
280,S1046,0.12630074,0.1491511,0.17019928,0.15156654,0.0,0.0,0.17254287,0.0,0.21057592,0.0
281,S1047,0.12630074,0.1491511,0.17019928,0.15156654,0.0,0.0,0.17254287,0.0,0.21057592,0.0
282,S1048,0.12630074,0.1491511,0.17019928,0.15156654,0.0,0.0,0.17254287,0.0,0.21057592,0.0
283,S1049,0.12630074,0.1491511,0.17019928,0.15156654,0.0,0.0,0.17254287,0.0,0.21057592,0.0
284,S1050,0.12630074,0.1491511,0.17019928,0.15156654,0.0,0.0,0.17254287,0.0,0.21057592,0.0
285,S1051,0.12630074,0.1491511,0.17019928,0.15156654,0.0,0.0,0.17254287,0.0,0.21057592,0.0
286,S1052,0.12630074,0.1491511,0.17019928,0.15156654,0.0,0.0,0.17254287,0.0,0.21057592,0.0
287,S1053,0.12630074,0.1491511,0.17019928,0.15156654,0.0,0.0,0.17254287,0.0,0.21057592,0.0
288,S1054,0.12630074,0.1491511,0.17019928,0.15156654,0.0,0.0,0.17254287,0.0,0.21057592,0.0
289,S1055,0.12630074,0.1491511,0.17019928,0.15156654,0.0,0.0,0.17254287,0.0,0.21057592,0.0
290,S1056,0.12630074,0.1491511,0.17019928,0.15156654,0.0,0.0,0.17254287,0.0,0.21057592,0.0
291,S1057,0.12630074,0.1491511,0.17019928,0.15156654,0.0,0.0,0.17254287,0.0,0.21057592,0.0
292,S1058,0.12630074,0.1491511,0.17019928,0.15156654,0.0,0.0,0.17254287,0.0,0.21057592,0.0
293,S1059,0.12630074,0.1491511,0.17019928,0.15156654,0.0,0.0,0.17254287,0.0,0.21057592,0.0
294,S1060,0.12630074,0.1491511,0.17019928,0.15156654,0.0,0.0,0.17254287,0.0,0.21057592,0.0
295,S1061,0.12630074,0.1491511,0.17019928,0.15156654,0.0,0.0,0.17254287,0.0,0.21057592,0.0
296,S1062,0.12630074,0.1491511,0.17019928,0.15156654,0.0,0.0,0.17254287,0.0,0.21057592,0.0
297,S1063,0.12630074,0.1491511,0.17019928,0.15156654,0.0,0.0,0.17254287,0.0,0.21057592,0.0
298,S1064,0.12630074,0.1491511,0.17019928,0.15156654,0.0,0.0,0.17254287,0.0,0.21057592,0.0
299,S1065,0.12630074,0.1491511,0.17019928,0.15156654,0.0,0.0,0.17254287,0.0,0.21057592,0.0
300,S1066,0.12630074,0.1491511,0.17019928,0.15156654,0.0,0.0,0.17254287,0.0,0.21057592,0.0
301,S1067,0.12630074,0.1491511,0.17019928,0.15156654,0.0,0.0,0.17254287,0.0,0.21057592,0.0
302,S1068,0.12630074,0.1491511,0.17019928,0.15156654,0.0,0.0,0.17254287,0.0,0.21057592,0.0
303,S1069,0.12630074,0.1491511,0.17019928,0.15156654,0.0,0.0,0.17254287,0.0,0.21057592,0.0
304,S1070,0.12630074,0.1491511,0.17019928,0.15156654,0.0,0.0,0.17254287,0.0,0.21057592,0.0
305,S1071,0.12630074,0.1491511,0.17019928,0.15156654,0.0,0.0,0.17254287,0.0,0.21057592,0.0
306,S1072,0.12630074,0.1491511,0.17019928,0.15156654,0.0,0.0,0.17254287,0.0,0.21057592,0.0
307,S1073,0.12630074,0.1491511,0.17019928,0.15156654,0.0,0.0,0.17254287,0.0,0.21057592,0.0
308,S1074,0.12630074,0.1491511,0.17019928,0.15156654,0.0,0.0,0.17254287,0.0,0.21057592,0.0
309,S1075,0.12630074,0.1491511,0.17019928,0.15156654,0.0,0.0,0.17254287,0.0,0.21057592,0.0
310,S1076,0.12630074,0.1491511,0.17019928,0.15156654,0.0,0.0,0.17254287,0.0,0.21057592,0.0
311,S1077,0.12630074,0.1491511,0.17019928,0.15156654,0.0,0.0,0.17254287,0.0,0.21057592,0.0
312,S1078,0.12630074,0.1491511,0.17019928,0.15156654,0.0,0.0,0.17254287,0.0,0.21057592,0.0
313,S1079,0.12630074,0.1491511,0.17019928,0.15156654,0.0,0.0,0.17254287,0.0,0.21057592,0.0
314,S1080,0.12630074,0.1491511,0.17019928,0.15156654,0.0,0.0,0.17254287,0.0,0.21057592,0.0
315,S1081,0.12630074,0.1491511,0.17019928,0.15156654,0.0,0.0,0.17254287,0.0,0.21057592,0.0
316,S1082,0.12630074,0.1491511,0.17019928,0.15156654,0.0,0.0,0.17254287,0.0,0.21057592,0.0
317,S1083,0.12630074,0.1491511,0.17019928,0.15156654,0.0,0.0,0.17254287,0.0,0.21057592,0.0
318,S1084,0.12630074,0.1491511,0.17019928,0.15156654,0.0,0.0,0.17254287,0.0,0.21057592,0.0
319,S1085,0.12630074,0.1491511,0.17019928,0.15156654,0.0,0.0,0.17254287,0.0,0.21057592,0.0
320,S1086,0.12630074,0.1491511,0.17019928,0.15156654,0.0,0.0,0.17254287,0.0,0.21057592,0.0
321,S1087,0.12630074,0.1491511,0.17019928,0.15156654,0.0,0.0,0.17254287,0.0,0.21057592,0.0
322,S1088,0.12630074,0.1491511,0.17019928,0.15156654,0.0,0.0,0.17254287,0.0,0.21057592,0.0
323,S1089,0.12630074,0.1491511,0.17019928,0.15156654,0.0,0.0,0.17254287,0.0,0.21057592,0.0
324,S1090,0.12630074,0.1491511,0.17019928,0.15156654,0.0,0.0,0.17254287,0.0,0.21057592,0.0
325,S1091,0.12630074,0.1491511,0.17019928,0.15156654,0.0,0.0,0.17254287,0.0,0.21057592,0.0
326,S1092,0.12630074,0.1491511,0.17019928,0.15156654,0.0,0.0,0.17254287,0.0,0.21057592,0.0
327,S1093,0.12630074,0.1491511,0.17019928,0.15156654,0.0,0.0,0.17254287,0.0,0.21057592,0.0
328,S1094,0.12630074,0.1491511,0.17019928,0.15156654,0.0,0.0,0.17254287,0.0,0.21057592,0.0
329,S1095,0.12630074,0.1491511,0.17019928,0.15156654,0.0,0.0,0.17254287,0.0,0.21057592,0.0
330,S1096,0.12630074,0.1491511,0.17019928,0.15156654,0.0,0.0,0.17254287,0.0,0.21057592,0.0
331,S1097,0.12630074,0.1491511,0.17019928,0.15156654,0.0,0.0,0.17254287,0.0,0.21057592,0.0
332,S1098,0.12630074,0.1491511,0.17019928,0.15156654,0.0,0.0,0.17254287,0.0,0.21057592,0.0
333,S1099,0.12630074,0.1491511,0.17019928,0.15156654,0.0,0.0,0.17254287,0.0,0.21057592,0.0
334,S1100,0.12630074,0.1491511,0.17019928,0.15156654,0.0,0.0,0.17254287,0.0,0.21057592,0.0
335,S1101,0.12630074,0.1491511,0.17019928,0.15156654,0.0,0.0,0.17254287,0.0,0.21057592,0.0
336,S1102,0.12630074,0.1491511,0.17019928,0.15156654,0.0,0.0,0.17254287,0.0,0.21057592,0.0
337,S1103,0.12630074,0.1491511,0.17019928,0.15156654,0.0,0.0,0.17254287,0.0,0.21057592,0.0
338,S1104,0.12630074,0.1491511,0.17019928,0.15156654,0.0,0.0,0.17254287,0.0,0.21057592,0.0
339,S1105,0.12630074,0.1491511,0.17019928,0.15156654,0.0,0.0,0.17254287,0.0,0.21057592,0.0
340,S1106,0.12630074,0.1491511,0.17019928,0.15156654,0.0,0.0,0.17254287,0.0,0.21057592,0.0
341,S1107,0.12630074,0.1491511,0.17019928,0.15156654,0.0,0.0,0.17254287,0.0,0.21057592,0.0
342,S1108,0.12630074,0.1491511,0.17019928,0.15156654,0.0,0.0,0.17254287,0.0,0.21057592,0.0
343,S1109,0.12630074,0.1491511,0.17019928,0.15156654,0.0,0.0,0.17254287,0.0,0.21057592,0.0
344,S1110,0.12630074,0.1491511,0.17019928,0.15156654,0.0,0.0,0.17254287,0.0,0.21057592,0.0
345,S1111,0.12630074,0.1491511,0.17019928,0.15156654,0.0,0.0,0.17254287,0.0,0.21057592,0.0
346,S1112,0.12630074,0.1491511,0.17019928,0.15156654,0.0,0.0,0.17254287,0.0,0.21057592,0.0
347,S1113,0.12630074,0.1491511,0.17019928,0.15156654,0.0,0.0,0.17254287,0.0,0.21057592,0.0
348,S1114,0.12630074,0.1491511,0.17019928,0.15156654,0.0,0.0,0.17254287,0.0,0.21057592,0.0
349,S1115,0.12630074,0.1491511,0.17019928,0.15156654,0.0,0.0,0.17254287,0.0,0.21057592,0.0
350,S1116,0.12630074,0.1491511,0.17019928,0.15156654,0.0,0.0,0.17254287,0.0,0.21057592,0.0
351,S1117,0.12630074,0.1491511,0.17019928,0.15156654,0.0,0.0,0.17254287,0.0,0.21057592,0.0
352,S1118,0.12630074,0.1491511,0.17019928,0.15156654,0.0,0.0,0.17254287,0.0,0.21057592,0.0
353,S1119,0.12630074,0.1491511,0.17019928,0.15156654,0.0,0.0,0.17254287,0.0,0.21057592,0.0
354,S1120,0.12630074,0.1491511,0.17019928,0.15156654,0.0,0.0,0.17254287,0.0,0.21057592,0.0
355,S1121,0.12630074,0.1491511,0.17019928,0.15156654,0.0,0.0,0.17254287,0.0,0.21057592,0.0
356,S1122,0.12630074,0.1491511,0.17019928,0.15156654,0.0,0.0,0.17254287,0.0,0.21057592,0.0
357,S1123,0.12630074,0.1491511,0.17019928,0.15156654,0.0,0.0,0.17254287,0.0,0.21057592,0.0
358,S1124,0.12630074,0.1491511,0.17019928,0.15156654,0.0,0.0,0.17254287,0.0,0.21057592,0.0
359,S1125,0.12630074,0.1491511,0.17019928,0.15156654,0.0,0.0,0.17254287,0.0,0.21057592,0.0
360,S1126,0.12630074,0.1491511,0.17019928,0.15156654,0.0,0.0,0.17254287,0.0,0.21057592,0.0
361,S1127,0.12630074,0.1491511,0.17019928,0.15156654,0.0,0.0,0.17254287,0.0,0.21057592,0.0
362,S1128,0.12630074,0.1491511,0.17019928,0.15156654,0.0,0.0,0.17254287,0.0,0.21057592,0.0
363,S1129,0.12630074,0.1491511,0.17019928,0.15156654,0.0,0.0,0.17254287,0.0,0.21057592,0.0
364,S1130,0.12630074,0.1491511,0.17019928,0.15156654,0.0,0.0,0.17254287,0.0,0.21057592,0.0
365,S1131,0.12630074,0.1491511,0.17019928,0.15156654,0.0,0.0,0.17254287,0.0,0.21057592,0.0
366,S1132,0.12630074,0.1491511,0.17019928,0.15156654,0.0,0.0,0.17254287,0.0,0.21057592,0.0
367,S1133,0.12630074,0.1491511,0.17019928,0.15156654,0.0,0.0,0.17254287,0.0,0.21057592,0.0
368,S1134,0.12630074,0.1491511,0.17019928,0.15156654,0.0,0.0,0.17254287,0.0,0.21057592,0.0
369,S1135,0.12630074,0.1491511,0.17019928,0.15156654,0.0,0.0,0.17254287,0.0,0.21057592,0.0
370,S1136,0.12630074,0.1491511,0.17019928,0.15156654,0.0,0.0,0.17254287,0.0,0.21057592,0.0
371,S1137,0.12630074,0.1491511,0.17019928,0.15156654,0.0,0.0,0.17254287,0.0,0.21057592,0.0
372,S1138,0.12630074,0.1491511,0.17019928,0.15156654,0.0,0.0,0.17254287,0.0,0.21057592,0.0
373,S1139,0.12630074,0.1491511,0.17019928,0.15156654,0.0,0.0,0.17254287,0.0,0.21057592,0.0
374,S1140,0.12630074,0.1491511,0.17019928,0.15156654,0.0,0.0,0.17254287,0.0,0.21057592,0.0
375,S1141,0.12630074,0.1491511,0.17019928,0.15156654,0.0,0.0,0.17254287,0.0,0.21057592,0.0
376,S1142,0.12630074,0.1491511,0.17019928,0.15156654,0.0,0.0,0.17254287,0.0,0.21057592,0.0
377,S1143,0.12630074,0.1491511,0.17019928,0.15156654,0.0,0.0,0.17254287,0.0,0.21057592,0.0
378,S1144,0.12630074,0.1491511,0.17019928,0.15156654,0.0,0.0,0.17254287,0.0,0.21057592,0.0
379,S1145,0.12630074,0.1491511,0.17019928,0.15156654,0.0,0.0,0.17254287,0.0,0.21057592,0.0
380,S1146,0.12630074,0.1491511,0.17019928,0.15156654,0.0,0.0,0.17254287,0.0,0.21057592,0.0
381,S1147,0.12630074,0.1491511,0.17019928,0.15156654,0.0,0.0,0.17254287,0.0,0.21057592,0.0
382,S1148,0.12630074,0.1491511,0.17019928,0.15156654,0.0,0.0,0.17254287,0.0,0.21057592,0.0
383,S1149,0.12630074,0.1491511,0.17019928,0.15156654,0.0,0.0,0.17254287,0.0,0.21057592,0.0
384,S1150,0.12630074,0.1491511,0.17019928,0.15156654,0.0,0.0,0.17254287,0.0,0.21057592,0.0
385,S1151,0.12630074,0.1491511,0.17019928,0.15156654,0.0,0.0,0.17254287,0.0,0.21057592,0.0
386,S1152,0.12630074,0.1491511,0.17019928,0.15156654,0.0,0.0,0.17254287,0.0,0.21057592,0.0
387,S1153,0.12630074,0.1491511,0.17019928,0.15156654,0.0,0.0,0.17254287,0.0,0.21057592,0.0
388,S1154,0.12630074,0.1491511,0.17019928,0.15156654,0.0,0.0,0.17254287,0.0,0.21057592,0.0
389,S1155,0.12630074,0.1491511,0.17019928,0.15156654,0.0,0.0,0.17254287,0.0,0.21057592,0.0
390,S1156,0.12630074,0.1491511,0.17019928,0.15156654,0.0,0.0,0.17254287,0.0,0.21057592,0.0
391,S1157,0.12630074,0.1491511,0.17019928,0.15156654,0.0,0.0,0.17254287,0.0,0.21057592,0.0
392,S1158,0.12630074,0.1491511,0.17019928,0.15156654,0.0,0.0,0.17254287,0.0,0.21057592,0.0
393,S1159,0.12630074,0.1491511,0.17019928,0.15156654,0.0,0.0,0.17254287,0.0,0.21057592,0.0
394,S1160,0.12630074,0.1491511,0.17019928,0.15156654,0.0,0.0,0.17254287,0.0,0.21057592,0.0
395,S1161,0.12630074,0.1491511,0.17019928,0.15156654,0.0,0.0,0.17254287,0.0,0.21057592,0.0
396,S1162,0.12630074,0.1491511,0.17019928,0.15156654,0.0,0.0,0.17254287,0.0,0.21057592,0.0
397,S1163,0.12630074,0.1491511,0.17019928,0.15156654,0.0,0.0,0.17254287,0.0,0.21057592,0.0
398,S1164,0.12630074,0.1491511,0.17019928,0.15156654,0.0,0.0,0.17254287,0.0,0.21057592,0.0
399,S1165,0.12630074,0.1491511,0.17019928,0.15156654,0.0,0.0,0.17254287,0.0,0.21057592,0.0
400,S1166,0.12630074,0.1491511,0.17019928,0.15156654,0.0,0.0,0.17254287,0.0,0.21057592,0.0
401,S1167,0.12630074,0.1491511,0.17019928,0.15156654,0.0,0.0,0.17254287,0.0,0.21057592,0.0
402,S1168,0.12630074,0.1491511,0.17019928,0.15156654,0.0,0.0,0.17254287,0.0,0.21057592,0.0
403,S1169,0.12630074,0.1491511,0.17019928,0.15156654,0.0,0.0,0.17254287,0.0,0.21057592,0.0
404,S1170,0.12630074,0.1491511,0.17019928,0.15156654,0.0,0.0,0.17254287,0.0,0.21057592,0.0
405,S1171,0.12630074,0.1491511,0.17019928,0.15156654,0.0,0.0,0.17254287,0.0,0.21057592,0.0
406,S1172,0.12630074,0.1491511,0.17019928,0.15156654,0.0,0.0,0.17254287,0.0,0.21057592,0.0
407,S1173,0.12630074,0.1491511,0.17019928,0.15156654,0.0,0.0,0.17254287,0.0,0.21057592,0.0
408,S1174,0.12630074,0.1491511,0.17019928,0.15156654,0.0,0.0,0.17254287,0.0,0.21057592,0.0
409,S1175,0.12630074,0.1491511,0.17019928,0.15156654,0.0,0.0,0.17254287,0.0,0.21057592,0.0
410,S1176,0.12630074,0.1491511,0.17019928,0.15156654,0.0,0.0,0.17254287,0.0,0.21057592,0.0
411,S1177,0.12630074,0.1491511,0.17019928,0.15156654,0.0,0.0,0.17254287,0.0,0.21057592,0.0
412,S1178,0.12630074,0.1491511,0.17019928,0.15156654,0.0,0.0,0.17254287,0.0,0.21057592,0.0
413,S1179,0.12630074,0.1491511,0.17019928,0.15156654,0.0,0.0,0.17254287,0.0,0.21057592,0.0
414,S1180,0.12630074,0.1491511,0.17019928,0.15156654,0.0,0.0,0.17254287,0.0,0.21057592,0.0
415,S1181,0.12630074,0.1491511,0.17019928,0.15156654,0.0,0.0,0.17254287,0.0,0.21057592,0.0
416,S1182,0.12630074,0.1491511,0.17019928,0.15156654,0.0,0.0,0.17254287,0.0,0.21057592,0.0
417,S1183,0.12630074,0.1491511,0.17019928,0.15156654,0.0,0.0,0.17254287,0.0,0.21057592,0.0
418,S1184,0.12630074,0.1491511,0.17019928,0.15156654,0.0,0.0,0.17254287,0.0,0.21057592,0.0
419,S1185,0.12630074,0.1491511,0.17019928,0.15156654,0.0,0.0,0.17254287,0.0,0.21057592,0.0
420,S1186,0.12630074,0.1491511,0.17019928,0.15156654,0.0,0.0,0.17254287,0.0,0.21057592,0.0
421,S1187,0.12630074,0.1491511,0.17019928,0.15156654,0.0,0.0,0.17254287,0.0,0.21057592,0.0
422,S1188,0.12630074,0.1491511,0.17019928,0.15156654,0.0,0.0,0.17254287,0.0,0.21057592,0.0
423,S1189,0.12630074,0.1491511,0.17019928,0.15156654,0.0,0.0,0.17254287,0.0,0.21057592,0.0
424,S1190,0.12630074,0.1491511,0.17019928,0.15156654,0.0,0.0,0.17254287,0.0,0.21057592,0.0
425,S1191,0.12630074,0.1491511,0.17019928,0.15156654,0.0,0.0,0.17254287,0.0,0.21057592,0.0
426,S1192,0.12630074,0.1491511,0.17019928,0.15156654,0.0,0.0,0.17254287,0.0,0.21057592,0.0
427,S1193,0.12630074,0.1491511,0.17019928,0.15156654,0.0,0.0,0.17254287,0.0,0.21057592,0.0
428,S1194,0.12630074,0.1491511,0.17019928,0.15156654,0.0,0.0,0.17254287,0.0,0.21057592,0.0
429,S1195,0.12630074,0.1491511,0.17019928,0.15156654,0.0,0.0,0.17254287,0.0,0.21057592,0.0
430,S1196,0.12630074,0.1491511,0.17019928,0.15156654,0.0,0.0,0.17254287,0.0,0.21057592,0.0
431,S1197,0.12630074,0.1491511,0.17019928,0.15156654,0.0,0.0,0.17254287,0.0,0.21057592,0.0
432,S1198,0.12630074,0.1491511,0.17019928,0.15156654,0.0,0.0,0.17254287,0.0,0.21057592,0.0
433,S1199,0.12630074,0.1491511,0.17019928,0.15156654,0.0,0.0,0.17254287,0.0,0.21057592,0.0
434,S1200,0.12630074,0.1491511,0.17019928,0.15156654,0.0,0.0,0.17254287,0.0,0.21057592,0.0
435,S1201,0.12630074,0.1491511,0.17019928,0.15156654,0.0,0.0,0.17254287,0.0,0.21057592,0.0
436,S1202,0.12630074,0.1491511,0.17019928,0.15156654,0.0,0.0,0.17254287,0.0,0.21057592,0.0
437,S1203,0.12630074,0.1491511,0.17019928,0.15156654,0.0,0.0,0.17254287,0.0,0.21057592,0.0
438,S1204,0.12630074,0.1491511,0.17019928,0.15156654,0.0,0.0,0.17254287,0.0,0.21057592,0.0
439,S1205,0.12630074,0.1491511,0.17019928,0.15156654,0.0,0.0,0.17254287,0.0,0.21057592,0.0
440,S1206,0.12630074,0.1491511,0.17019928,0.15156654,0.0,0.0,0.17254287,0.0,0.21057592,0.0
441,S1207,0.12630074,0.1491511,0.17019928,0.15156654,0.0,0.0,0.17254287,0.0,0.21057592,0.0
442,S1208,0.12630074,0.1491511,0.17019928,0.15156654,0.0,0.0,0.17254287,0.0,0.21057592,0.0
443,S1209,0.12630074,0.1491511,0.17019928,0.15156654,0.0,0.0,0.17254287,0.0,0.21057592,0.0
444,S1210,0.12630074,0.1491511,0.17019928,0.15156654,0.0,0.0,0.17254287,0.0,0.21057592,0.0
445,S1211,0.12630074,0.1491511,0.17019928,0.15156654,0.0,0.0,0.17254287,0.0,0.21057592,0.0
446,S1212,0.12630074,0.1491511,0.17019928,0.15156654,0.0,0.0,0.17254287,0.0,0.21057592,0.0
447,S1213,0.12630074,0.1491511,0.17019928,0.15156654,0.0,0.0,0.17254287,0.0,0.21057592,0.0
448,S1214,0.12630074,0.1491511,0.17019928,0.15156654,0.0,0.0,0.17254287,0.0,0.21057592,0.0
449,S1215,0.12630074,0.1491511,0.17019928,0.15156654,0.0,0.0,0.17254287,0.0,0.21057592,0.0
450,S1216,0.12630074,0.1491511,0.17019928,0.15156654,0.0,0.0,0.17254287,0.0,0.21057592,0.0
451,S1217,0.12630074,0.1491511,0.17019928,0.15156654,0.0,0.0,0.17254287,0.0,0.21057592,0.0
452,S1218,0.12630074,0.1491511,0.17019928,0.15156654,0.0,0.0,0.17254287,0.0,0.21057592,0.0
453,S1219,0.12630074,0.1491511,0.17019928,0.15156654,0.0,0.0,0.17254287,0.0,0.21057592,0.0
454,S1220,0.12630074,0.1491511,0.17019928,0.15156654,0.0,0.0,0.17254287,0.0,0.21057592,0.0
455,S1221,0.12630074,0.1491511,0.17019928,0.15156654,0.0,0.0,0.17254287,0.0,0.21057592,0.0
456,S1222,0.12630074,0.1491511,0.17019928,0.15156654,0.0,0.0,0.17254287,0.0,0.21057592,0.0
457,S1223,0.12630074,0.1491511,0.17019928,0.15156654,0.0,0.0,0.17254287,0.0,0.21057592,0.0
458,S1224,0.12630074,0.1491511,0.17019928,0.15156654,0.0,0.0,0.17254287,0.0,0.21057592,0.0
459,S1225,0.12630074,0.1491511,0.17019928,0.15156654,0.0,0.0,0.17254287,0.0,0.21057592,0.0
460,S1226,0.12630074,0.1491511,0.17019928,0.15156654,0.0,0.0,0.17254287,0.0,0.21057592,0.0
461,S1227,0.12630074,0.1491511,0.17019928,0.15156654,0.0,0.0,0.17254287,0.0,0.21057592,0.0
462,S1228,0.12630074,0.1491511,0.17019928,0.15156654,0.0,0.0,0.17254287,0.0,0.21057592,0.0
463,S1229,0.12630074,0.1491511,0.17019928,0.15156654,0.0,0.0,0.17254287,0.0,0.21057592,0.0
464,S1230,0.12630074,0.1491511,0.17019928,0.15156654,0.0,0.0,0.17254287,0.0,0.21057592,0.0
465,S1231,0.12630074,0.1491511,0.17019928,0.15156654,0.0,0.0,0.17254287,0.0,0.21057592,0.0
466,S1232,0.12630074,0.1491511,0.17019928,0.15156654,0.0,0.0,0.17254287,0.0,0.21057592,0.0
467,S1233,0.12630074,0.1491511,0.17019928,0.15156654,0.0,0.0,0.17254287,0.0,0.21057592,0.0
468,S1234,0.12630074,0.1491511,0.17019928,0.15156654,0.0,0.0,0.17254287,0.0,0.21057592,0.0
469,S1235,0.12630074,0.1491511,0.17019928,0.15156654,0.0,0.0,0.17254287,0.0,0.21057592,0.0
470,S1236,0.12630074,0.1491511,0.17019928,0.15156654,0.0,0.0,0.17254287,0.0,0.21057592,0.0
471,S1237,0.12630074,0.1491511,0.17019928,0.15156654,0.0,0.0,0.17254287,0.0,0.21057592,0.0
472,S1238,0.12630074,0.1491511,0.17019928,0.15156654,0.0,0.0,0.17254287,0.0,0.21057592,0.0
473,S1239,0.12630074,0.1491511,0.17019928,0.15156654,0.0,0.0,0.17254287,0.0,0.21057592,0.0
474,S1240,0.12630074,0.1491511,0.17019928,0.15156654,0.0,0.0,0.17254287,0.0,0.21057592,0.0
475,S1241,0.12630074,0.1491511,0.17019928,0.15156654,0.0,0.0,0.17254287,0.0,0.21057592,0.0
476,S1242,0.12630074,0.1491511,0.17019928,0.15156654,0.0,0.0,0.17254287,0.0,0.21057592,0.0
477,S1243,0.12630074,0.1491511,0.17019928,0.15156654,0.0,0.0,0.17254287,0.0,0.21057592,0.0
478,S1244,0.12630074,0.1491511,0.17019928,0.15156654,0.0,0.0,0.17254287,0.0,0.21057592,0.0
479,S1245,0.12630074,0.1491511,0.17019928,0.15156654,0.0,0.0,0.17254287,0.0,0.21057592,0.0
480,S1246,0.12630074,0.1491511,0.17019928,0.15156654,0.0,0.0,0.17254287,0.0,0.21057592,0.0
481,S1247,0.12630074,0.1491511,0.17019928,0.15156654,0.0,0.0,0.17254287,0.0,0.21057592,0.0
482,S1248,0.12630074,0.1491511,0.17019928,0.15156654,0.0,0.0,0.17254287,0.0,0.21057592,0.0
483,S1249,0.12630074,0.1491511,0.17019928,0.15156654,0.0,0.0,0.17254287,0.0,0.21057592,0.0
484,S1250,0.12630074,0.1491511,0.17019928,0.15156654,0.0,0.0,0.17254287,0.0,0.21057592,0.0
485,S1251,0.12630074,0.1491511,0.17019928,0.15156654,0.0,0.0,0.17254287,0.0,0.21057592,0.0
486,S1252,0.12630074,0.1491511,0.17019928,0.15156654,0.0,0.0,0.17254287,0.0,0.21057592,0.0
487,S1253,0.12630074,0.1491511,0.17019928,0.15156654,0.0,0.0,0.17254287,0.0,0.21057592,0.0
488,S1254,0.12630074,0.1491511,0.17019928,0.15156654,0.0,0.0,0.17254287,0.0,0.21057592,0.0
489,S1255,0.12630074,0.1491511,0.17019928,0.15156654,0.0,0.0,0.17254287,0.0,0.21057592,0.0
490,S1256,0.12630074,0.1491511,0.17019928,0.15156654,0.0,0.0,0.17254287,0.0,0.21057592,0.0
491,S1257,0.12630074,0.1491511,0.17019928,0.15156654,0.0,0.0,0.17254287,0.0,0.21057592,0.0
492,S1258,0.12630074,0.1491511,0.17019928,0.15156654,0.0,0.0,0.17254287,0.0,0.21057592,0.0
493,S1259,0.12630074,0.1491511,0.17019928,0.15156654,0.0,0.0,0.17254287,0.0,0.21057592,0.0
494,S1260,0.12630074,0.1491511,0.17019928,0.15156654,0.0,0.0,0.17254287,0.0,0.21057592,0.0
495,S1261,0.12630074,0.1491511,0.17019928,0.15156654,0.0,0.0,0.17254287,0.0,0.21057592,0.0
496,S1262,0.12630074,0.1491511,0.17019928,0.15156654,0.0,0.0,0.17254287,0.0,0.21057592,0.0
497,S1263,0.12630074,0.1491511,0.17019928,0.15156654,0.0,0.0,0.17254287,0.0,0.21057592,0.0
498,S1264,0.12630074,0.1491511,0.17019928,0.15156654,0.0,0.0,0.17254287,0.0,0.21057592,0.0
499,S1265,0.12630074,0.1491511,0.17019928,0.15156654,0.0,0.0,0.17254287,0.0,0.21057592,0.0
500,S1266,0.12630074,0.1491511,0.17019928,0.15156654,0.0,0.0,0.17254287,0.0,0.21057592,0.0
501,S1267,0.12630074,0.1491511,0.17019928,0.15156654,0.0,0.0,0.17254287,0.0,0.21057592,0.0
502,S1268,0.12630074,0.1491511,0.17019928,0.15156654,0.0,0.0,0.17254287,0.0,0.21057592,0.0
503,S1269,0.12630074,0.1491511,0.17019928,0.15156654,0.0,0.0,0.17254287,0.0,0.21057592,0.0
504,S1270,0.12630074,0.1491511,0.17019928,0.15156654,0.0,0.0,0.17254287,0.0,0.21057592,0.0
505,S1271,0.12630074,0.1491511,0.17019928,0.15156654,0.0,0.0,0.17254287,0.0,0.21057592,0.0
506,S1272,0.12630074,0.1491511,0.17019928,0.15156654,0.0,0.0,0.17254287,0.0,0.21057592,0.0
507,S1273,0.12630074,0.1491511,0.17019928,0.15156654,0.0,0.0,0.17254287,0.0,0.21057592,0.0
508,S1274,0.12630074,0.1491511,0.17019928,0.15156654,0.0,0.0,0.17254287,0.0,0.21057592,0.0
509,S1275,0.12630074,0.1491511,0.17019928,0.15156654,0.0,0.0,0.17254287,0.0,0.21057592,0.0
510,S1276,0.12630074,0.1491511,0.17019928,0.15156654,0.0,0.0,0.17254287,0.0,0.21057592,0.0
511,S1277,0.12630074,0.1491511,0.17019928,0.15156654,0.0,0.0,0.17254287,0.0,0.21057592,0.0
512,S1278,0.12630074,0.1491511,0.17019928,0.15156654,0.0,0.0,0.17254287,0.0,0.21057592,0.0
513,S1279,0.12630074,0.1491511,0.17019928,0.15156654,0.0,0.0,0.17254287,0.0,0.21057592,0.0
514,S1280,0.12630074,0.1491511,0.17019928,0.15156654,0.0,0.0,0.17254287,0.0,0.21057592,0.0
515,S1281,0.12630074,0.1491511,0.17019928,0.15156654,0.0,0.0,0.17254287,0.0,0.21057592,0.0
516,S1282,0.12630074,0.1491511,0.17019928,0.15156654,0.0,0.0,0.17254287,0.0,0.21057592,0.0
517,S1283,0.12630074,0.1491511,0.17019928,0.15156654,0.0,0.0,0.17254287,0.0,0.21057592,0.0
518,S1284,0.12630074,0.1491511,0.17019928,0.15156654,0.0,0.0,0.17254287,0.0,0.21057592,0.0
519,S1285,0.12630074,0.1491511,0.17019928,0.15156654,0.0,0.0,0.17254287,0.0,0.21057592,0.0
520,S1286,0.12630074,0.1491511,0.17019928,0.15156654,0.0,0.0,0.17254287,0.0,0.21057592,0.0
521,S1287,0.12630074,0.1491511,0.17019928,0.15156654,0.0,0.0,0.17254287,0.0,0.21057592,0.0
522,S1288,0.12630074,0.1491511,0.17019928,0.15156654,0.0,0.0,0.17254287,0.0,0.21057592,0.0
523,S1289,0.12630074,0.1491511,0.17019928,0.15156654,0.0,0.0,0.17254287,0.0,0.21057592,0.0
524,S1290,0.12630074,0.1491511,0.17019928,0.15156654,0.0,0.0,0.17254287,0.0,0.21057592,0.0
525,S1291,0.12630074,0.1491511,0.17019928,0.15156654,0.0,0.0,0.17254287,0.0,0.21057592,0.0
526,S1292,0.12630074,0.1491511,0.17019928,0.15156654,0.0,0.0,0.17254287,0.0,0.21057592,0.0
527,S1293,0.12630074,0.1491511,0.17019928,0.15156654,0.0,0.0,0.17254287,0.0,0.21057592,0.0
528,S1294,0.12630074,0.1491511,0.17019928,0.15156654,0.0,0.0,0.17254287,0.0,0.21057592,0.0
529,S1295,0.12630074,0.1491511,0.17019928,0.15156654,0.0,0.0,0.17254287,0.0,0.21057592,0.0
530,S1296,0.12630074,0.1491511,0.17019928,0.15156654,0.0,0.0,0.17254287,0.0,0.21057592,0.0
531,S1297,0.12630074,0.1491511,0.17019928,0.15156654,0.0,0.0,0.17254287,0.0,0.21057592,0.0
532,S1298,0.12630074,0.1491511,0.17019928,0.15156654,0.0,0.0,0.17254287,0.0,0.21057592,0.0
533,S1299,0.12630074,0.1491511,0.17019928,0.15156654,0.0,0.0,0.17254287,0.0,0.21057592,0.0
534,S1300,0.12630074,0.1491511,0.17019928,0.15156654,0.0,0.0,0.17254287,0.0,0.21057592,0.0
535,S1301,0.12630074,0.1491511,0.17019928,0.15156654,0.0,0.0,0.17254287,0.0,0.21057592,0.0
536,S1302,0.12630074,0.1491511,0.17019928,0.15156654,0.0,0.0,0.17254287,0.0,0.21057592,0.0
537,S1303,0.12630074,0.1491511,0.17019928,0.15156654,0.0,0.0,0.17254287,0.0,0.21057592,0.0
538,S1304,0.12630074,0.1491511,0.17019928,0.15156654,0.0,0.0,0.17254287,0.0,0.21057592,0.0
539,S1305,0.12630074,0.1491511,0.17019928,0.15156654,0.0,0.0,0.17254287,0.0,0.21057592,0.0
540,S1306,0.12630074,0.1491511,0.17019928,0.15156654,0.0,0.0,0.17254287,0.0,0.21057592,0.0
541,S1307,0.12630074,0.1491511,0.17019928,0.15156654,0.0,0.0,0.17254287,0.0,0.21057592,0.0
542,S1308,0.12630074,0.1491511,0.17019928,0.15156654,0.0,0.0,0.17254287,0.0,0.21057592,0.0
543,S1309,0.12630074,0.1491511,0.17019928,0.15156654,0.0,0.0,0.17254287,0.0,0.21057592,0.0
544,S1310,0.12630074,0.1491511,0.17019928,0.15156654,0.0,0.0,0.17254287,0.0,0.21057592,0.0
545,S1311,0.12630074,0.1491511,0.17019928,0.15156654,0.0,0.0,0.17254287,0.0,0.21057592,0.0
546,S1312,0.12630074,0.1491511,0.17019928,0.15156654,0.0,0.0,0.17254287,0.0,0.21057592,0.0
547,S1313,0.12630074,0.1491511,0.17019928,0.15156654,0.0,0.0,0.17254287,0.0,0.21057592,0.0
548,S1314,0.12630074,0.1491511,0.17019928,0.15156654,0.0,0.0,0.17254287,0.0,0.21057592,0.0
549,S1315,0.12630074,0.1491511,0.17019928,0.15156654,0.0,0.0,0.17254287,0.0,0.21057592,0.0
550,S1316,0.12630074,0.1491511,0.17019928,0.15156654,0.0,0.0,0.17254287,0.0,0.21057592,0.0
551,S1317,0.12630074,0.1491511,0.17019928,0.15156654,0.0,0.0,0.17254287,0.0,0.21057592,0.0
552,S1318,0.12630074,0.1491511,0.17019928,0.15156654,0.0,0.0,0.17254287,0.0,0.21057592,0.0
553,S1319,0.12630074,0.1491511,0.17019928,0.15156654,0.0,0.0,0.17254287,0.0,0.21057592,0.0
554,S1320,0.12630074,0.1491511,0.17019928,0.15156654,0.0,0.0,0.17254287,0.0,0.21057592,0.0
555,S1321,0.12630074,0.1491511,0.17019928,0.15156654,0.0,0.0,0.17254287,0.0,0.21057592,0.0
556,S1322,0.12630074,0.1491511,0.17019928,0.15156654,0.0,0.0,0.17254287,0.0,0.21057592,0.0
557,S1323,0.12630074,0.1491511,0.17019928,0.15156654,0.0,0.0,0.17254287,0.0,0.21057592,0.0
558,S1324,0.12630074,0.1491511,0.17019928,0.15156654,0.0,0.0,0.17254287,0.0,0.21057592,0.0
559,S1325,0.12630074,0.1491511,0.17019928,0.15156654,0.0,0.0,0.17254287,0.0,0.21057592,0.0
560,S1326,0.12630074,0.1491511,0.17019928,0.15156654,0.0,0.0,0.17254287,0.0,0.21057592,0.0
561,S1327,0.12630074,0.1491511,0.17019928,0.15156654,0.0,0.0,0.17254287,0.0,0.21057592,0.0
562,S1328,0.12630074,0.1491511,0.17019928,0.15156654,0.0,0.0,0.17254287,0.0,0.21057592,0.0
563,S1329,0.12630074,0.1491511,0.17019928,0.15156654,0.0,0.0,0.17254287,0.0,0.21057592,0.0
564,S1330,0.12630074,0.1491511,0.17019928,0.15156654,0.0,0.0,0.17254287,0.0,0.21057592,0.0
565,S1331,0.12630074,0.1491511,0.17019928,0.15156654,0.0,0.0,0.17254287,0.0,0.21057592,0.0
566,S1332,0.12630074,0.1491511,0.17019928,0.15156654,0.0,0.0,0.17254287,0.0,0.21057592,0.0
567,S1333,0.12630074,0.1491511,0.17019928,0.15156654,0.0,0.0,0.17254287,0.0,0.21057592,0.0
568,S1334,0.12630074,0.1491511,0.17019928,0.15156654,0.0,0.0,0.17254287,0.0,0.21057592,0.0
569,S1335,0.12630074,0.1491511,0.17019928,0.15156654,0.0,0.0,0.17254287,0.0,0.21057592,0.0
570,S1336,0.12630074,0.1491511,0.17019928,0.15156654,0.0,0.0,0.17254287,0.0,0.21057592,0.0
571,S1337,0.12630074,0.1491511,0.17019928,0.15156654,0.0,0.0,0.17254287,0.0,0.21057592,0.0
572,S1338,0.12630074,0.1491511,0.17019928,0.15156654,0.0,0.0,0.17254287,0.0,0.21057592,0.0
573,S1339,0.12630074,0.1491511,0.17019928,0.15156654,0.0,0.0,0.17254287,0.0,0.21057592,0.0
574,S1340,0.12630074,0.1491511,0.17019928,0.15156654,0.0,0.0,0.17254287,0.0,0.21057592,0.0
575,S1341,0.12630074,0.1491511,0.17019928,0.15156654,0.0,0.0,0.17254287,0.0,0.21057592,0.0
576,S1342,0.12630074,0.1491511,0.17019928,0.15156654,0.0,0.0,0.17254287,0.0,0.21057592,0.0
577,S1343,0.12630074,0.1491511,0.17019928,0.15156654,0.0,0.0,0.17254287,0.0,0.21057592,0.0
578,S1344,0.12630074,0.1491511,0.17019928,0.15156654,0.0,0.0,0.17254287,0.0,0.21057592,0.0
579,S1345,0.12630074,0.1491511,0.17019928,0.15156654,0.0,0.0,0.17254287,0.0,0.21057592,0.0
580,S1346,0.12630074,0.1491511,0.17019928,0.15156654,0.0,0.0,0.17254287,0.0,0.21057592,0.0
581,S1347,0.12630074,0.1491511,0.17019928,0.15156654,0.0,0.0,0.17254287,0.0,0.21057592,0.0
582,S1348,0.12630074,0.1491511,0.17019928,0.15156654,0.0,0.0,0.17254287,0.0,0.21057592,0.0
583,S1349,0.12630074,0.1491511,0.17019928,0.15156654,0.0,0.0,0.17254287,0.0,0.21057592,0.0
584,S1350,0.12630074,0.1491511,0.17019928,0.15156654,0.0,0.0,0.17254287,0.0,0.21057592,0.0
585,S1351,0.12630074,0.1491511,0.17019928,0.15156654,0.0,0.0,0.17254287,0.0,0.21057592,0.0
586,S1352,0.12630074,0.1491511,0.17019928,0.15156654,0.0,0.0,0.17254287,0.0,0.21057592,0.0
587,S1353,0.12630074,0.1491511,0.17019928,0.15156654,0.0,0.0,0.17254287,0.0,0.21057592,0.0
588,S1354,0.12630074,0.1491511,0.17019928,0.15156654,0.0,0.0,0.17254287,0.0,0.21057592,0.0
589,S1355,0.12630074,0.1491511,0.17019928,0.15156654,0.0,0.0,0.17254287,0.0,0.21057592,0.0
590,S1356,0.12630074,0.1491511,0.17019928,0.15156654,0.0,0.0,0.17254287,0.0,0.21057592,0.0
591,S1357,0.12630074,0.1491511,0.17019928,0.15156654,0.0,0.0,0.17254287,0.0,0.21057592,0.0
592,S1358,0.12630074,0.1491511,0.17019928,0.15156654,0.0,0.0,0.17254287,0.0,0.21057592,0.0
593,S1359,0.12630074,0.1491511,0.17019928,0.15156654,0.0,0.0,0.17254287,0.0,0.21057592,0.0
594,S1360,0.12630074,0.1491511,0.17019928,0.15156654,0.0,0.0,0.17254287,0.0,0.21057592,0.0
595,S1361,0.12630074,0.1491511,0.17019928,0.15156654,0.0,0.0,0.17254287,0.0,0.21057592,0.0
596,S1362,0.12630074,0.1491511,0.17019928,0.15156654,0.0,0.0,0.17254287,0.0,0.21057592,0.0
597,S1363,0.12630074,0.1491511,0.17019928,0.15156654,0.0,0.0,0.17254287,0.0,0.21057592,0.0
598,S1364,0.12630074,0.1491511,0.17019928,0.15156654,0.0,0.0,0.17254287,0.0,0.21057592,0.0
599,S1365,0.12630074,0.1491511,0.17019928,0.15156654,0.0,0.0,0.17254287,0.0,0.21057592,0.0
600,S1366,0.12630074,0.1491511,0.17019928,0.15156654,0.0,0.0,0.17254287,0.0,0.21057592,0.0
601,S1367,0.12630074,0.1491511,0.17019928,0.15156654,0.0,0.0,0.17254287,0.0,0.21057592,0.0
602,S1368,0.12630074,0.1491511,0.17019928,0.15156654,0.0,0.0,0.17254287,0.0,0.21057592,0.0
603,S1369,0.12630074,0.1491511,0.17019928,0.15156654,0.0,0.0,0.17254287,0.0,0.21057592,0.0
604,S1370,0.12630074,0.1491511,0.17019928,0.15156654,0.0,0.0,0.17254287,0.0,0.21057592,0.0
605,S1371,0.12630074,0.1491511,0.17019928,0.15156654,0.0,0.0,0.17254287,0.0,0.21057592,0.0
606,S1372,0.12630074,0.1491511,0.17019928,0.15156654,0.0,0.0,0.17254287,0.0,0.21057592,0.0
607,S1373,0.12630074,0.1491511,0.17019928,0.15156654,0.0,0.0,0.17254287,0.0,0.21057592,0.0
608,S1374,0.12630074,0.1491511,0.17019928,0.15156654,0.0,0.0,0.17254287,0.0,0.21057592,0.0
609,S1375,0.12630074,0.1491511,0.17019928,0.15156654,0.0,0.0,0.17254287,0.0,0.21057592,0.0
610,S1376,0.12630074,0.1491511,0.17019928,0.15156654,0.0,0.0,0.17254287,0.0,0.21057592,0.0
611,S1377,0.12630074,0.1491511,0.17019928,0.15156654,0.0,0.0,0.17254287,0.0,0.21057592,0.0
612,S1378,0.12630074,0.1491511,0.17019928,0.15156654,0.0,0.0,0.17254287,0.0,0.21057592,0.0
613,S1379,0.12630074,0.1491511,0.17019928,0.15156654,0.0,0.0,0.17254287,0.0,0.21057592,0.0
614,S1380,0.12630074,0.1491511,0.17019928,0.15156654,0.0,0.0,0.17254287,0.0,0.21057592,0.0
615,S1381,0.12630074,0.1491511,0.17019928,0.15156654,0.0,0.0,0.17254287,0.0,0.21057592,0.0
616,S1382,0.12630074,0.1491511,0.17019928,0.15156654,0.0,0.0,0.17254287,0.0,0.21057592,0.0
617,S1383,0.12630074,0.1491511,0.17019928,0.15156654,0.0,0.0,0.17254287,0.0,0.21057592,0.0
618,S1384,0.12630074,0.1491511,0.17019928,0.15156654,0.0,0.0,0.17254287,0.0,0.21057592,0.0
619,S1385,0.12630074,0.1491511,0.17019928,0.15156654,0.0,0.0,0.17254287,0.0,0.21057592,0.0
620,S1386,0.12630074,0.1491511,0.17019928,0.15156654,0.0,0.0,0.17254287,0.0,0.21057592,0.0
621,S1387,0.12630074,0.1491511,0.17019928,0.15156654,0.0,0.0,0.17254287,0.0,0.21057592,0.0
622,S1388,0.12630074,0.1491511,0.17019928,0.15156654,0.0,0.0,0.17254287,0.0,0.21057592,0.0
623,S1389,0.12630074,0.1491511,0.17019928,0.15156654,0.0,0.0,0.17254287,0.0,0.21057592,0.0
624,S1390,0.12630074,0.1491511,0.17019928,0.15156654,0.0,0.0,0.17254287,0.0,0.21057592,0.0
625,S1391,0.12630074,0.1491511,0.17019928,0.15156654,0.0,0.0,0.17254287,0.0,0.21057592,0.0
626,S1392,0.12630074,0.1491511,0.17019928,0.15156654,0.0,0.0,0.17254287,0.0,0.21057592,0.0
627,S1393,0.12630074,0.1491511,0.17019928,0.15156654,0.0,0.0,0.17254287,0.0,0.21057592,0.0
628,S1394,0.12630074,0.1491511,0.17019928,0.15156654,0.0,0.0,0.17254287,0.0,0.21057592,0.0
629,S1395,0.12630074,0.1491511,0.17019928,0.15156654,0.0,0.0,0.17254287,0.0,0.21057592,0.0
630,S1396,0.12630074,0.1491511,0.17019928,0.15156654,0.0,0.0,0.17254287,0.0,0.21057592,0.0
631,S1397,0.12630074,0.1491511,0.17019928,0.15156654,0.0,0.0,0.17254287,0.0,0.21057592,0.0
632,S1398,0.12630074,0.1491511,0.17019928,0.15156654,0.0,0.0,0.17254287,0.0,0.21057592,0.0
633,S1399,0.12630074,0.1491511,0.17019928,0.15156654,0.0,0.0,0.17254287,0.0,0.21057592,0.0
634,S1400,0.12630074,0.1491511,0.17019928,0.15156654,0.0,0.0,0.17254287,0.0,0.21057592,0.0
635,S1401,0.12630074,0.1491511,0.17019928,0.15156654,0.0,0.0,0.17254287,0.0,0.21057592,0.0
636,S1402,0.12630074,0.1491511,0.17019928,0.15156654,0.0,0.0,0.17254287,0.0,0.21057592,0.0
637,S1403,0.12630074,0.1491511,0.17019928,0.15156654,0.0,0.0,0.17254287,0.0,0.21057592,0.0
638,S1404,0.12630074,0.1491511,0.17019928,0.15156654,0.0,0.0,0.17254287,0.0,0.21057592,0.0
639,S1405,0.12630074,0.1491511,0.17019928,0.15156654,0.0,0.0,0.17254287,0.0,0.21057592,0.0
640,S1406,0.12630074,0.1491511,0.17019928,0.15156654,0.0,0.0,0.17254287,0.0,0.21057592,0.0
641,S1407,0.12630074,0.1491511,0.17019928,0.15156654,0.0,0.0,0.17254287,0.0,0.21057592,0.0
642,S1408,0.12630074,0.1491511,0.17019928,0.15156654,0.0,0.0,0.17254287,0.0,0.21057592,0.0
643,S1409,0.12630074,0.1491511,0.17019928,0.15156654,0.0,0.0,0.17254287,0.0,0.21057592,0.0
644,S1410,0.12630074,0.1491511,0.17019928,0.15156654,0.0,0.0,0.17254287,0.0,0.21057592,0.0
645,S1411,0.12630074,0.1491511,0.17019928,0.15156654,0.0,0.0,0.17254287,0.0,0.21057592,0.0
646,S1412,0.12630074,0.1491511,0.17019928,0.15156654,0.0,0.0,0.17254287,0.0,0.21057592,0.0
647,S1413,0.12630074,0.1491511,0.17019928,0.15156654,0.0,0.0,0.17254287,0.0,0.21057592,0.0
648,S1414,0.12630074,0.1491511,0.17019928,0.15156654,0.0,0.0,0.17254287,0.0,0.21057592,0.0
649,S1415,0.12630074,0.1491511,0.17019928,0.15156654,0.0,0.0,0.17254287,0.0,0.21057592,0.0
650,S1416,0.12630074,0.1491511,0.17019928,0.15156654,0.0,0.0,0.17254287,0.0,0.21057592,0.0
651,S1417,0.12630074,0.1491511,0.17019928,0.15156654,0.0,0.0,0.17254287,0.0,0.21057592,0.0
652,S1418,0.12630074,0.1491511,0.17019928,0.15156654,0.0,0.0,0.17254287,0.0,0.21057592,0.0
653,S1419,0.12630074,0.1491511,0.17019928,0.15156654,0.0,0.0,0.17254287,0.0,0.21057592,0.0
654,S1420,0.12630074,0.1491511,0.17019928,0.15156654,0.0,0.0,0.17254287,0.0,0.21057592,0.0
655,S1421,0.12630074,0.1491511,0.17019928,0.15156654,0.0,0.0,0.17254287,0.0,0.21057592,0.0
656,S1422,0.12630074,0.1491511,0.17019928,0.15156654,0.0,0.0,0.17254287,0.0,0.21057592,0.0
657,S1423,0.12630074,0.1491511,0.17019928,0.15156654,0.0,0.0,0.17254287,0.0,0.21057592,0.0
658,S1424,0.12630074,0.1491511,0.17019928,0.15156654,0.0,0.0,0.17254287,0.0,0.21057592,0.0
659,S1425,0.12630074,0.1491511,0.17019928,0.15156654,0.0,0.0,0.17254287,0.0,0.21057592,0.0
660,S1426,0.12630074,0.1491511,0.17019928,0.15156654,0.0,0.0,0.17254287,0.0,0.21057592,0.0
661,S1427,0.12630074,0.1491511,0.17019928,0.15156654,0.0,0.0,0.17254287,0.0,0.21057592,0.0
662,S1428,0.12630074,0.1491511,0.17019928,0.15156654,0.0,0.0,0.17254287,0.0,0.21057592,0.0
663,S1429,0.12630074,0.1491511,0.17019928,0.15156654,0.0,0.0,0.17254287,0.0,0.21057592,0.0
664,S1430,0.12630074,0.1491511,0.17019928,0.15156654,0.0,0.0,0.17254287,0.0,0.21057592,0.0
665,S1431,0.12630074,0.1491511,0.17019928,0.15156654,0.0,0.0,0.17254287,0.0,0.21057592,0.0
666,S1432,0.12630074,0.1491511,0.17019928,0.15156654,0.0,0.0,0.17254287,0.0,0.21057592,0.0
667,S1433,0.12630074,0.1491511,0.17019928,0.15156654,0.0,0.0,0.17254287,0.0,0.21057592,0.0
668,S1434,0.12630074,0.1491511,0.17019928,0.15156654,0.0,0.0,0.17254287,0.0,0.21057592,0.0
669,S1435,0.12630074,0.1491511,0.17019928,0.15156654,0.0,0.0,0.17254287,0.0,0.21057592,0.0
670,S1436,0.12630074,0.1491511,0.17019928,0.15156654,0.0,0.0,0.17254287,0.0,0.21057592,0.0
671,S1437,0.12630074,0.1491511,0.17019928,0.15156654,0.0,0.0,0.17254287,0.0,0.21057592,0.0
672,S1438,0.12630074,0.1491511,0.17019928,0.15156654,0.0,0.0,0.17254287,0.0,0.21057592,0.0
673,S1439,0.12630074,0.1491511,0.17019928,0.15156654,0.0,0.0,0.17254287,0.0,0.21057592,0.0
674,S1440,0.12630074,0.1491511,0.17019928,0.15156654,0.0,0.0,0.17254287,0.0,0.21057592,0.0
675,S1441,0.12630074,0.1491511,0.17019928,0.15156654,0.0,0.0,0.17254287,0.0,0.21057592,0.0
676,S1442,0.12630074,0.1491511,0.17019928,0.15156654,0.0,0.0,0.17254287,0.0,0.21057592,0.0
677,S1443,0.12630074,0.1491511,0.17019928,0.15156654,0.0,0.0,0.17254287,0.0,0.21057592,0.0
678,S1444,0.12630074,0.1491511,0.17019928,0.15156654,0.0,0.0,0.17254287,0.0,0.21057592,0.0
679,S1445,0.12630074,0.1491511,0.17019928,0.15156654,0.0,0.0,0.17254287,0.0,0.21057592,0.0
680,S1446,0.12630074,0.1491511,0.17019928,0.15156654,0.0,0.0,0.17254287,0.0,0.21057592,0.0
681,S1447,0.12630074,0.1491511,0.17019928,0.15156654,0.0,0.0,0.17254287,0.0,0.21057592,0.0
682,S1448,0.12630074,0.1491511,0.17019928,0.15156654,0.0,0.0,0.17254287,0.0,0.21057592,0.0
683,S1449,0.12630074,0.1491511,0.17019928,0.15156654,0.0,0.0,0.17254287,0.0,0.21057592,0.0
684,S1450,0.12630074,0.1491511,0.17019928,0.15156654,0.0,0.0,0.17254287,0.0,0.21057592,0.0
685,S1451,0.12630074,0.1491511,0.17019928,0.15156654,0.0,0.0,0.17254287,0.0,0.21057592,0.0
686,S1452,0.12630074,0.1491511,0.17019928,0.15156654,0.0,0.0,0.17254287,0.0,0.21057592,0.0
687,S1453,0.12630074,0.1491511,0.17019928,0.15156654,0.0,0.0,0.17254287,0.0,0.21057592,0.0
688,S1454,0.12630074,0.1491511,0.17019928,0.15156654,0.0,0.0,0.17254287,0.0,0.21057592,0.0
689,S1455,0.12630074,0.1491511,0.17019928,0.15156654,0.0,0.0,0.17254287,0.0,0.21057592,0.0
690,S1456,0.12630074,0.1491511,0.17019928,0.15156654,0.0,0.0,0.17254287,0.0,0.21057592,0.0
691,S1457,0.12630074,0.1491511,0.17019928,0.15156654,0.0,0.0,0.17254287,0.0,0.21057592,0.0
692,S1458,0.12630074,0.1491511,0.17019928,0.15156654,0.0,0.0,0.17254287,0.0,0.21057592,0.0
693,S1459,0.12630074,0.1491511,0.17019928,0.15156654,0.0,0.0,0.17254287,0.0,0.21057592,0.0
694,S1460,0.12630074,0.1491511,0.17019928,0.15156654,0.0,0.0,0.17254287,0.0,0.21057592,0.0
695,S1461,0.12630074,0.1491511,0.17019928,0.15156654,0.0,0.0,0.17254287,0.0,0.21057592,0.0
696,S1462,0.12630074,0.1491511,0.17019928,0.15156654,0.0,0.0,0.17254287,0.0,0.21057592,0.0
697,S1463,0.12630074,0.1491511,0.17019928,0.15156654,0.0,0.0,0.17254287,0.0,0.21057592,0.0
698,S1464,0.12630074,0.1491511,0.17019928,0.15156654,0.0,0.0,0.17254287,0.0,0.21057592,0.0
699,S1465,0.12630074,0.1491511,0.17019928,0.15156654,0.0,0.0,0.17254287,0.0,0.21057592,0.0
700,S1466,0.12630074,0.1491511,0.17019928,0.15156654,0.0,0.0,0.17254287,0.0,0.21057592,0.0
701,S1467,0.12630074,0.1491511,0.17019928,0.15156654,0.0,0.0,0.17254287,0.0,0.21057592,0.0
702,S1468,0.12630074,0.1491511,0.17019928,0.15156654,0.0,0.0,0.17254287,0.0,0.21057592,0.0
703,S1469,0.12630074,0.1491511,0.17019928,0.15156654,0.0,0.0,0.17254287,0.0,0.21057592,0.0
704,S1470,0.12630074,0.1491511,0.17019928,0.15156654,0.0,0.0,0.17254287,0.0,0.21057592,0.0
705,S1471,0.12630074,0.1491511,0.17019928,0.15156654,0.0,0.0,0.17254287,0.0,0.21057592,0.0
706,S1472,0.12630074,0.1491511,0.17019928,0.15156654,0.0,0.0,0.17254287,0.0,0.21057592,0.0
707,S1473,0.12630074,0.1491511,0.17019928,0.15156654,0.0,0.0,0.17254287,0.0,0.21057592,0.0
708,S1474,0.12630074,0.1491511,0.17019928,0.15156654,0.0,0.0,0.17254287,0.0,0.21057592,0.0
709,S1475,0.12630074,0.1491511,0.17019928,0.15156654,0.0,0.0,0.17254287,0.0,0.21057592,0.0
710,S1476,0.12630074,0.1491511,0.17019928,0.15156654,0.0,0.0,0.17254287,0.0,0.21057592,0.0
711,S1477,0.12630074,0.1491511,0.17019928,0.15156654,0.0,0.0,0.17254287,0.0,0.21057592,0.0
712,S1478,0.12630074,0.1491511,0.17019928,0.15156654,0.0,0.0,0.17254287,0.0,0.21057592,0.0
713,S1479,0.12630074,0.1491511,0.17019928,0.15156654,0.0,0.0,0.17254287,0.0,0.21057592,0.0
714,S1480,0.12630074,0.1491511,0.17019928,0.15156654,0.0,0.0,0.17254287,0.0,0.21057592,0.0
715,S1481,0.12630074,0.1491511,0.17019928,0.15156654,0.0,0.0,0.17254287,0.0,0.21057592,0.0
716,S1482,0.12630074,0.1491511,0.17019928,0.15156654,0.0,0.0,0.17254287,0.0,0.21057592,0.0
717,S1483,0.12630074,0.1491511,0.17019928,0.15156654,0.0,0.0,0.17254287,0.0,0.21057592,0.0
718,S1484,0.12630074,0.1491511,0.17019928,0.15156654,0.0,0.0,0.17254287,0.0,0.21057592,0.0
719,S1485,0.12630074,0.1491511,0.17019928,0.15156654,0.0,0.0,0.17254287,0.0,0.21057592,0.0
720,S1486,0.12630074,0.1491511,0.17019928,0.15156654,0.0,0.0,0.17254287,0.0,0.21057592,0.0
721,S1487,0.12630074,0.1491511,0.17019928,0.15156654,0.0,0.0,0.17254287,0.0,0.21057592,0.0
722,S1488,0.12630074,0.1491511,0.17019928,0.15156654,0.0,0.0,0.17254287,0.0,0.21057592,0.0
723,S1489,0.12630074,0.1491511,0.17019928,0.15156654,0.0,0.0,0.17254287,0.0,0.21057592,0.0
724,S1490,0.12630074,0.1491511,0.17019928,0.15156654,0.0,0.0,0.17254287,0.0,0.21057592,0.0
725,S1491,0.12630074,0.1491511,0.17019928,0.15156654,0.0,0.0,0.17254287,0.0,0.21057592,0.0
726,S1492,0.12630074,0.1491511,0.17019928,0.15156654,0.0,0.0,0.17254287,0.0,0.21057592,0.0
727,S1493,0.12630074,0.1491511,0.17019928,0.15156654,0.0,0.0,0.17254287,0.0,0.21057592,0.0
728,S1494,0.12630074,0.1491511,0.17019928,0.15156654,0.0,0.0,0.17254287,0.0,0.21057592,0.0
729,S1495,0.12630074,0.1491511,0.17019928,0.15156654,0.0,0.0,0.17254287,0.0,0.21057592,0.0
730,S1496,0.12630074,0.1491511,0.17019928,0.15156654,0.0,0.0,0.17254287,0.0,0.21057592,0.0
731,S1497,0.12630074,0.1491511,0.17019928,0.15156654,0.0,0.0,0.17254287,0.0,0.21057592,0.0
732,S1498,0.12630074,0.1491511,0.17019928,0.15156654,0.0,0.0,0.17254287,0.0,0.21057592,0.0
733,S1499,0.12630074,0.1491511,0.17019928,0.15156654,0.0,0.0,0.17254287,0.0,0.21057592,0.0
734,S1500,0.12630074,0.1491511,0.17019928,0.15156654,0.0,0.0,0.17254287,0.0,0.21057592,0.0
735,S1501,0.12630074,0.1491511,0.17019928,0.15156654,0.0,0.0,0.17254287,0.0,0.21057592,0.0
736,S1502,0.12630074,0.1491511,0.17019928,0.15156654,0.0,0.0,0.17254287,0.0,0.21057592,0.0
737,S1503,0.12630074,0.1491511,0.17019928,0.15156654,0.0,0.0,0.17254287,0.0,0.21057592,0.0
738,S1504,0.12630074,0.1491511,0.17019928,0.15156654,0.0,0.0,0.17254287,0.0,0.21057592,0.0
739,S1505,0.12630074,0.1491511,0.17019928,0.15156654,0.0,0.0,0.17254287,0.0,0.21057592,0.0
740,S1506,0.0,0.0,0.0,8.870138,0.0,0.0,20.76324,0.0,6.3911533,18.713501
741,S1507,0.0,0.0,0.0,0.7802895,0.0,0.0,1.8085005,0.0,0.0,5.347778
742,S1508,0.0,0.0,0.0,0.7231212,0.0,0.0,1.5201894,0.0,0.0,4.668769
743,S1509,0.0,0.0,0.0,0.34197563,0.0,0.0,0.6766335,0.0,0.0,1.6270406
744,S1510,0.0,0.0,0.0,4.452308,0.0,0.0,9.433999,0.0,0.0,21.00213
745,S1511,0.0,0.0,0.0,0.97177505,0.0,0.0,2.1512892,0.0,0.0,6.740157
746,S1512,0.0,0.0,0.0,15.369378,0.0,0.0,25.176931,0.0,0.0,76.280716
747,S1513,0.0,0.0,0.0,6.4313827,0.0,0.0,15.455099,0.0,0.0,49.055305
748,S1514,0.0,0.0,0.0,1.5542934,0.0,0.0,3.585325,0.0,0.0,11.342651
749,S1515,0.0,0.0,0.0,1.4347236,0.0,0.0,3.2501748,0.0,0.0,10.376818
750,S1516,0.0,0.0,0.0,11.230818,0.0,0.0,25.994806,0.0,0.0,86.84521
751,S1517,0.0,0.0,0.0,1.4795978,0.0,0.0,3.3800204,0.0,0.0,10.725474
752,S1518,0.0,0.0,0.0,9.641488,0.0,0.0,23.640661,0.0,0.0,76.14483
753,S1519,0.0,0.0,0.0,1.1945052,0.0,0.0,2.616542,0.0,0.0,7.900993
754,S1520,0.0,0.0,0.0,0.9673266,0.0,0.0,2.1406643,0.0,0.0,6.495175
755,S1521,0.0,0.0,0.0,1.5278671,0.0,0.0,3.4057574,0.0,0.0,9.518718
756,S1522,0.0,0.0,0.0,8.335963,0.0,0.0,21.55602,0.0,0.0,77.76923
757,S1523,0.12630074,0.1491511,0.17019928,0.15156654,0.0,0.0,0.17254287,0.0,0.21057592,0.0
758,S1524,0.0,0.0,0.0,10.3559065,0.0,0.0,23.630241,0.0,0.0,78.66893
759,S1525,0.0,0.0,0.0,10.97228,0.0,0.0,26.906635,0.0,0.0,87.579285
760,S1526,0.0,0.0,0.0,2.2547915,0.0,0.0,5.2121787,0.0,0.0,16.325003
761,S1527,0.0,0.0,0.0,5.597018,0.0,0.0,12.42928,0.0,0.0,24.4921
762,S1528,0.0,0.0,0.0,1.3309093,0.0,0.0,2.4980552,0.0,0.0,9.660611
763,S1529,0.0,0.0,0.0,2.4911053,0.0,0.0,7.002934,0.0,0.0,20.729809
764,S1530,0.0,0.0,0.0,2.13856,0.0,0.0,6.1804037,0.0,0.0,17.811605
765,S1531,0.0,0.0,0.0,2.4015355,0.0,0.0,6.1713734,0.0,0.0,19.95439
766,S1532,0.124970205,0.14796944,0.16455014,0.14701298,0.0,0.0,0.17430979,0.0,0.19868733,0.0
767,S1533,0.0,0.0,0.0,0.50086296,0.0,0.0,0.9637217,0.0,0.0,3.1443386
768,S1534,0.0,0.0,0.0,3.696385,0.0,0.0,8.61799,0.0,0.0,26.836712
769,S1535,0.0,0.0,0.0,10.682747,0.0,0.0,31.551409,0.0,0.0,95.90257
770,S1536,0.0,0.0,0.0,2.2728577,0.0,0.0,5.3633547,0.0,0.0,18.740734
771,S1537,0.0,0.0,0.0,1.7997816,0.0,0.0,4.4673495,0.0,0.0,13.185704
772,S1538,0.0,0.0,0.0,4.2736588,0.0,0.0,10.174212,0.0,0.0,34.29776
773,S1539,0.0,0.0,0.0,1.9725783,0.0,0.0,4.694231,0.0,0.0,14.607732
774,S1540,0.0,0.0,0.0,3.2176962,0.0,0.0,7.5189514,0.0,0.0,24.453356
775,S1541,0.0,0.0,0.0,5.005805,0.0,0.0,12.296039,0.0,0.0,46.108585
776,S1542,0.0,0.0,0.0,1.5541587,0.0,0.0,3.5487611,0.0,0.0,11.250581
777,S1543,0.0,0.0,0.0,0.49966082,0.0,0.0,1.0265305,0.0,0.0,2.8815873
778,S1544,0.0,0.0,0.0,2.7759414,0.0,0.0,6.824045,0.0,0.0,23.566961
779,S1545,0.0,0.0,0.0,2.3918176,0.0,0.0,6.597363,0.0,0.0,23.187609
780,S1546,0.0,0.0,0.0,1.125781,0.0,0.0,2.5113034,0.0,0.0,7.7560296
781,S1547,0.0,0.0,0.0,1.4648066,0.0,0.0,3.3332655,0.0,0.0,10.7331915
782,S1548,0.0,0.0,0.0,6.7789154,0.0,0.0,14.644929,0.0,0.0,62.149326
783,S1549,0.0,0.0,0.0,1.157666,0.0,0.0,2.5842342,0.0,0.0,7.969087
784,S1550,0.0,0.0,0.0,1.8263583,0.0,0.0,3.9235842,0.0,0.0,14.173529
785,S1551,0.0,0.0,0.0,10.295757,0.0,0.0,24.896732,0.0,0.0,78.3683
786,S1552,0.0,0.0,0.0,4.545803,0.0,0.0,0.0,0.0,7.906728,22.838865
787,S1553,0.0,0.0,0.0,1.8470583,0.0,0.0,1.5581771,0.0,4.134889,11.201398
788,S1554,0.0,0.0,0.0,5.402398,0.0,0.0,12.866676,0.0,0.0,42.34919
789,S1555,0.0,0.0,0.0,4.684126,0.0,0.0,9.741543,0.0,0.0,20.94778
790,S1556,0.0,0.0,0.0,1.0728667,0.0,0.0,2.4092753,0.0,0.0,7.5564337
791,S1557,0.0,0.0,0.0,0.88081366,0.0,0.0,1.9906733,0.0,0.0,6.120605
792,S1558,0.12630074,0.1491511,0.17019928,0.15156654,0.0,0.0,0.17254287,0.0,0.21057592,0.0
793,S1559,0.0,0.0,0.0,3.5809066,0.0,0.0,3.9087403,0.0,0.0,28.455362
794,S1560,0.0,0.0,0.0,1.240387,0.0,0.0,2.8117034,0.0,0.0,8.539969
795,S1561,0.0,0.0,0.0,5.0188828,0.0,0.0,7.9670477,0.0,0.0,34.165665
796,S1562,0.0,0.0,0.0,0.89476454,0.0,0.0,1.9714437,0.0,0.0,5.9485803
797,S1563,0.0,0.0,0.0,1.3724854,0.0,0.0,3.1686964,0.0,0.0,9.928881
798,S1564,0.0,0.0,0.0,6.5255218,0.0,0.0,15.26965,0.0,0.0,59.238094
799,S1565,0.0,0.0,0.0,0.2845945,0.0,0.0,0.53609514,0.0,0.0,1.123407
800,S1566,0.0,0.0,0.0,1.6453679,0.0,0.0,4.19736,0.0,0.0,16.089346
801,S1567,0.0,0.0,0.0,2.9335282,0.0,0.0,6.7956367,0.0,0.0,36.176674
802,S1568,0.0,0.0,0.0,3.710249,0.0,0.0,7.9395123,0.0,0.0,25.793056
803,S1569,0.0,0.0,0.0,0.5565326,0.0,0.0,1.1165403,0.0,0.0,3.2695982
