sample_id,basalt,carbonate,chloride,iron_oxide,oxalate,oxychlorine,phyllosilicate,silicate,sulfate,sulfide
S0766,0.16900463,0.14526153,0.0,0.1559529,0.0,0.1686542,0.2695521,0.11918457,0.3002134,0.036229268
S0767,0.16900463,0.14526153,0.0,0.1559529,0.0,0.1686542,0.2695521,0.11918457,0.3002134,0.036229268
S0768,0.16900463,0.14526153,0.0,0.1559529,0.0,0.1686542,0.2695521,0.11918457,0.3002134,0.036229268
S0769,0.16900463,0.14526153,0.0,0.1559529,0.0,0.1686542,0.2695521,0.11918457,0.3002134,0.036229268
S0770,0.16900463,0.14526153,0.0,0.1559529,0.0,0.1686542,0.2695521,0.11918457,0.3002134,0.036229268
S0771,0.16900463,0.14526153,0.0,0.1559529,0.0,0.1686542,0.2695521,0.11918457,0.3002134,0.036229268
S0772,0.16900463,0.14526153,0.0,0.1559529,0.0,0.1686542,0.2695521,0.11918457,0.3002134,0.036229268
S0773,0.16900463,0.14526153,0.0,0.1559529,0.0,0.1686542,0.2695521,0.11918457,0.3002134,0.036229268
S0774,0.16900463,0.14526153,0.0,0.1559529,0.0,0.1686542,0.2695521,0.11918457,0.3002134,0.036229268
S0775,0.16900463,0.14526153,0.0,0.1559529,0.0,0.1686542,0.2695521,0.11918457,0.3002134,0.036229268
S0776,0.16900463,0.14526153,0.0,0.1559529,0.0,0.1686542,0.2695521,0.11918457,0.3002134,0.036229268
S0777,0.16900463,0.14526153,0.0,0.1559529,0.0,0.1686542,0.2695521,0.11918457,0.3002134,0.036229268
S0778,0.16900463,0.14526153,0.0,0.1559529,0.0,0.1686542,0.2695521,0.11918457,0.3002134,0.036229268
S0779,0.16900463,0.14526153,0.0,0.1559529,0.0,0.1686542,0.2695521,0.11918457,0.3002134,0.036229268
S0780,0.16900463,0.14526153,0.0,0.1559529,0.0,0.1686542,0.2695521,0.11918457,0.3002134,0.036229268
S0781,0.16900463,0.14526153,0.0,0.1559529,0.0,0.1686542,0.2695521,0.11918457,0.3002134,0.036229268
S0782,0.16900463,0.14526153,0.0,0.1559529,0.0,0.1686542,0.2695521,0.11918457,0.3002134,0.036229268
S0783,0.16900463,0.14526153,0.0,0.1559529,0.0,0.1686542,0.2695521,0.11918457,0.3002134,0.036229268
S0784,0.16900463,0.14526153,0.0,0.1559529,0.0,0.1686542,0.2695521,0.11918457,0.3002134,0.036229268
S0785,0.16900463,0.14526153,0.0,0.1559529,0.0,0.1686542,0.2695521,0.11918457,0.3002134,0.036229268
S0786,0.16900463,0.14526153,0.0,0.1559529,0.0,0.1686542,0.2695521,0.11918457,0.3002134,0.036229268
S0787,0.16900463,0.14526153,0.0,0.1559529,0.0,0.1686542,0.2695521,0.11918457,0.3002134,0.036229268
S0788,0.16900463,0.14526153,0.0,0.1559529,0.0,0.1686542,0.2695521,0.11918457,0.3002134,0.036229268
S0789,0.16900463,0.14526153,0.0,0.1559529,0.0,0.1686542,0.2695521,0.11918457,0.3002134,0.036229268
S0790,0.16900463,0.14526153,0.0,0.1559529,0.0,0.1686542,0.2695521,0.11918457,0.3002134,0.036229268
S0791,0.16900463,0.14526153,0.0,0.1559529,0.0,0.1686542,0.2695521,0.11918457,0.3002134,0.036229268
S0792,0.16900463,0.14526153,0.0,0.1559529,0.0,0.1686542,0.2695521,0.11918457,0.3002134,0.036229268
S0793,0.16900463,0.14526153,0.0,0.1559529,0.0,0.1686542,0.2695521,0.11918457,0.3002134,0.036229268
S0794,0.16900463,0.14526153,0.0,0.1559529,0.0,0.1686542,0.2695521,0.11918457,0.3002134,0.036229268
S0795,0.16900463,0.14526153,0.0,0.1559529,0.0,0.1686542,0.2695521,0.11918457,0.3002134,0.036229268
S0796,0.16900463,0.14526153,0.0,0.1559529,0.0,0.1686542,0.2695521,0.11918457,0.3002134,0.036229268
S0797,0.16900463,0.14526153,0.0,0.1559529,0.0,0.1686542,0.2695521,0.11918457,0.3002134,0.036229268
S0798,0.16900463,0.14526153,0.0,0.1559529,0.0,0.1686542,0.2695521,0.11918457,0.3002134,0.036229268
S0799,0.16900463,0.14526153,0.0,0.1559529,0.0,0.1686542,0.2695521,0.11918457,0.3002134,0.036229268
S0800,0.16900463,0.14526153,0.0,0.1559529,0.0,0.1686542,0.2695521,0.11918457,0.3002134,0.036229268
S0801,0.16900463,0.14526153,0.0,0.1559529,0.0,0.1686542,0.2695521,0.11918457,0.3002134,0.036229268
S0802,0.16900463,0.14526153,0.0,0.1559529,0.0,0.1686542,0.2695521,0.11918457,0.3002134,0.036229268
S0803,0.16900463,0.14526153,0.0,0.1559529,0.0,0.1686542,0.2695521,0.11918457,0.3002134,0.036229268
S0804,0.16900463,0.14526153,0.0,0.1559529,0.0,0.1686542,0.2695521,0.11918457,0.3002134,0.036229268
S0805,0.16900463,0.14526153,0.0,0.1559529,0.0,0.1686542,0.2695521,0.11918457,0.3002134,0.036229268
S0806,0.16900463,0.14526153,0.0,0.1559529,0.0,0.1686542,0.2695521,0.11918457,0.3002134,0.036229268
S0807,0.16900463,0.14526153,0.0,0.1559529,0.0,0.1686542,0.2695521,0.11918457,0.3002134,0.036229268
S0808,0.16900463,0.14526153,0.0,0.1559529,0.0,0.1686542,0.2695521,0.11918457,0.3002134,0.036229268
S0809,0.16900463,0.14526153,0.0,0.1559529,0.0,0.1686542,0.2695521,0.11918457,0.3002134,0.036229268
S0810,0.16900463,0.14526153,0.0,0.1559529,0.0,0.1686542,0.2695521,0.11918457,0.3002134,0.036229268
S0811,0.16900463,0.14526153,0.0,0.1559529,0.0,0.1686542,0.2695521,0.11918457,0.3002134,0.036229268
S0812,0.16900463,0.14526153,0.0,0.1559529,0.0,0.1686542,0.2695521,0.11918457,0.3002134,0.036229268
S0813,0.16900463,0.14526153,0.0,0.1559529,0.0,0.1686542,0.2695521,0.11918457,0.3002134,0.036229268
S0814,0.16900463,0.14526153,0.0,0.1559529,0.0,0.1686542,0.2695521,0.11918457,0.3002134,0.036229268
S0815,0.16900463,0.14526153,0.0,0.1559529,0.0,0.1686542,0.2695521,0.11918457,0.3002134,0.036229268
S0816,0.16900463,0.14526153,0.0,0.1559529,0.0,0.1686542,0.2695521,0.11918457,0.3002134,0.036229268
S0817,0.16900463,0.14526153,0.0,0.1559529,0.0,0.1686542,0.2695521,0.11918457,0.3002134,0.036229268
S0818,0.16900463,0.14526153,0.0,0.1559529,0.0,0.1686542,0.2695521,0.11918457,0.3002134,0.036229268
S0819,0.16900463,0.14526153,0.0,0.1559529,0.0,0.1686542,0.2695521,0.11918457,0.3002134,0.036229268
S0820,0.16900463,0.14526153,0.0,0.1559529,0.0,0.1686542,0.2695521,0.11918457,0.3002134,0.036229268
S0821,0.16900463,0.14526153,0.0,0.1559529,0.0,0.1686542,0.2695521,0.11918457,0.3002134,0.036229268
S0822,0.16900463,0.14526153,0.0,0.1559529,0.0,0.1686542,0.2695521,0.11918457,0.3002134,0.036229268
S0823,0.16900463,0.14526153,0.0,0.1559529,0.0,0.1686542,0.2695521,0.11918457,0.3002134,0.036229268
S0824,0.16900463,0.14526153,0.0,0.1559529,0.0,0.1686542,0.2695521,0.11918457,0.3002134,0.036229268
S0825,0.16900463,0.14526153,0.0,0.1559529,0.0,0.1686542,0.2695521,0.11918457,0.3002134,0.036229268
S0826,0.16900463,0.14526153,0.0,0.1559529,0.0,0.1686542,0.2695521,0.11918457,0.3002134,0.036229268
S0827,0.16900463,0.14526153,0.0,0.1559529,0.0,0.1686542,0.2695521,0.11918457,0.3002134,0.036229268
S0828,0.16900463,0.14526153,0.0,0.1559529,0.0,0.1686542,0.2695521,0.11918457,0.3002134,0.036229268
S0829,0.16900463,0.14526153,0.0,0.1559529,0.0,0.1686542,0.2695521,0.11918457,0.3002134,0.036229268
S0830,0.16900463,0.14526153,0.0,0.1559529,0.0,0.1686542,0.2695521,0.11918457,0.3002134,0.036229268
S0831,0.16900463,0.14526153,0.0,0.1559529,0.0,0.1686542,0.2695521,0.11918457,0.3002134,0.036229268
S0832,0.16900463,0.14526153,0.0,0.1559529,0.0,0.1686542,0.2695521,0.11918457,0.3002134,0.036229268
S0833,0.16900463,0.14526153,0.0,0.1559529,0.0,0.1686542,0.2695521,0.11918457,0.3002134,0.036229268
S0834,0.16900463,0.14526153,0.0,0.1559529,0.0,0.1686542,0.2695521,0.11918457,0.3002134,0.036229268
S0835,0.16900463,0.14526153,0.0,0.1559529,0.0,0.1686542,0.2695521,0.11918457,0.3002134,0.036229268
S0836,0.16900463,0.14526153,0.0,0.1559529,0.0,0.1686542,0.2695521,0.11918457,0.3002134,0.036229268
S0837,0.16900463,0.14526153,0.0,0.1559529,0.0,0.1686542,0.2695521,0.11918457,0.3002134,0.036229268
S0838,0.16900463,0.14526153,0.0,0.1559529,0.0,0.1686542,0.2695521,0.11918457,0.3002134,0.036229268
S0839,0.16900463,0.14526153,0.0,0.1559529,0.0,0.1686542,0.2695521,0.11918457,0.3002134,0.036229268
S0840,0.16900463,0.14526153,0.0,0.1559529,0.0,0.1686542,0.2695521,0.11918457,0.3002134,0.036229268
S0841,0.16900463,0.14526153,0.0,0.1559529,0.0,0.1686542,0.2695521,0.11918457,0.3002134,0.036229268
S0842,0.16900463,0.14526153,0.0,0.1559529,0.0,0.1686542,0.2695521,0.11918457,0.3002134,0.036229268
S0843,0.16900463,0.14526153,0.0,0.1559529,0.0,0.1686542,0.2695521,0.11918457,0.3002134,0.036229268
S0844,0.16900463,0.14526153,0.0,0.1559529,0.0,0.1686542,0.2695521,0.11918457,0.3002134,0.036229268
S0845,0.16900463,0.14526153,0.0,0.1559529,0.0,0.1686542,0.2695521,0.11918457,0.3002134,0.036229268
S0846,0.16900463,0.14526153,0.0,0.1559529,0.0,0.1686542,0.2695521,0.11918457,0.3002134,0.036229268
S0847,0.16900463,0.14526153,0.0,0.1559529,0.0,0.1686542,0.2695521,0.11918457,0.3002134,0.036229268
S0848,0.16900463,0.14526153,0.0,0.1559529,0.0,0.1686542,0.2695521,0.11918457,0.3002134,0.036229268
S0849,0.16900463,0.14526153,0.0,0.1559529,0.0,0.1686542,0.2695521,0.11918457,0.3002134,0.036229268
S0850,0.16900463,0.14526153,0.0,0.1559529,0.0,0.1686542,0.2695521,0.11918457,0.3002134,0.036229268
S0851,0.16900463,0.14526153,0.0,0.1559529,0.0,0.1686542,0.2695521,0.11918457,0.3002134,0.036229268
S0852,0.16900463,0.14526153,0.0,0.1559529,0.0,0.1686542,0.2695521,0.11918457,0.3002134,0.036229268
S0853,0.16900463,0.14526153,0.0,0.1559529,0.0,0.1686542,0.2695521,0.11918457,0.3002134,0.036229268
S0854,0.16900463,0.14526153,0.0,0.1559529,0.0,0.1686542,0.2695521,0.11918457,0.3002134,0.036229268
S0855,0.16900463,0.14526153,0.0,0.1559529,0.0,0.1686542,0.2695521,0.11918457,0.3002134,0.036229268
S0856,0.16900463,0.14526153,0.0,0.1559529,0.0,0.1686542,0.2695521,0.11918457,0.3002134,0.036229268
S0857,0.16900463,0.14526153,0.0,0.1559529,0.0,0.1686542,0.2695521,0.11918457,0.3002134,0.036229268
S0858,0.16900463,0.14526153,0.0,0.1559529,0.0,0.1686542,0.2695521,0.11918457,0.3002134,0.036229268
S0859,0.16900463,0.14526153,0.0,0.1559529,0.0,0.1686542,0.2695521,0.11918457,0.3002134,0.036229268
S0860,0.16900463,0.14526153,0.0,0.1559529,0.0,0.1686542,0.2695521,0.11918457,0.3002134,0.036229268
S0861,0.16900463,0.14526153,0.0,0.1559529,0.0,0.1686542,0.2695521,0.11918457,0.3002134,0.036229268
S0862,0.16900463,0.14526153,0.0,0.1559529,0.0,0.1686542,0.2695521,0.11918457,0.3002134,0.036229268
S0863,0.16900463,0.14526153,0.0,0.1559529,0.0,0.1686542,0.2695521,0.11918457,0.3002134,0.036229268
S0864,0.16900463,0.14526153,0.0,0.1559529,0.0,0.1686542,0.2695521,0.11918457,0.3002134,0.036229268
S0865,0.16900463,0.14526153,0.0,0.1559529,0.0,0.1686542,0.2695521,0.11918457,0.3002134,0.036229268
S0866,0.16900463,0.14526153,0.0,0.1559529,0.0,0.1686542,0.2695521,0.11918457,0.3002134,0.036229268
S0867,0.16900463,0.14526153,0.0,0.1559529,0.0,0.1686542,0.2695521,0.11918457,0.3002134,0.036229268
S0868,0.16900463,0.14526153,0.0,0.1559529,0.0,0.1686542,0.2695521,0.11918457,0.3002134,0.036229268
S0869,0.16900463,0.14526153,0.0,0.1559529,0.0,0.1686542,0.2695521,0.11918457,0.3002134,0.036229268
S0870,0.16900463,0.14526153,0.0,0.1559529,0.0,0.1686542,0.2695521,0.11918457,0.3002134,0.036229268
S0871,0.16900463,0.14526153,0.0,0.1559529,0.0,0.1686542,0.2695521,0.11918457,0.3002134,0.036229268
S0872,0.16900463,0.14526153,0.0,0.1559529,0.0,0.1686542,0.2695521,0.11918457,0.3002134,0.036229268
S0873,0.16900463,0.14526153,0.0,0.1559529,0.0,0.1686542,0.2695521,0.11918457,0.3002134,0.036229268
S0874,0.16900463,0.14526153,0.0,0.1559529,0.0,0.1686542,0.2695521,0.11918457,0.3002134,0.036229268
S0875,0.16900463,0.14526153,0.0,0.1559529,0.0,0.1686542,0.2695521,0.11918457,0.3002134,0.036229268
S0876,0.16900463,0.14526153,0.0,0.1559529,0.0,0.1686542,0.2695521,0.11918457,0.3002134,0.036229268
S0877,0.16900463,0.14526153,0.0,0.1559529,0.0,0.1686542,0.2695521,0.11918457,0.3002134,0.036229268
S0878,0.16900463,0.14526153,0.0,0.1559529,0.0,0.1686542,0.2695521,0.11918457,0.3002134,0.036229268
S0879,0.16900463,0.14526153,0.0,0.1559529,0.0,0.1686542,0.2695521,0.11918457,0.3002134,0.036229268
S0880,0.16900463,0.14526153,0.0,0.1559529,0.0,0.1686542,0.2695521,0.11918457,0.3002134,0.036229268
S0881,0.16900463,0.14526153,0.0,0.1559529,0.0,0.1686542,0.2695521,0.11918457,0.3002134,0.036229268
S0882,0.16900463,0.14526153,0.0,0.1559529,0.0,0.1686542,0.2695521,0.11918457,0.3002134,0.036229268
S0883,0.16900463,0.14526153,0.0,0.1559529,0.0,0.1686542,0.2695521,0.11918457,0.3002134,0.036229268
S0884,0.16900463,0.14526153,0.0,0.1559529,0.0,0.1686542,0.2695521,0.11918457,0.3002134,0.036229268
S0885,0.16900463,0.14526153,0.0,0.1559529,0.0,0.1686542,0.2695521,0.11918457,0.3002134,0.036229268
S0886,0.16900463,0.14526153,0.0,0.1559529,0.0,0.1686542,0.2695521,0.11918457,0.3002134,0.036229268
S0887,0.16900463,0.14526153,0.0,0.1559529,0.0,0.1686542,0.2695521,0.11918457,0.3002134,0.036229268
S0888,0.16900463,0.14526153,0.0,0.1559529,0.0,0.1686542,0.2695521,0.11918457,0.3002134,0.036229268
S0889,0.16900463,0.14526153,0.0,0.1559529,0.0,0.1686542,0.2695521,0.11918457,0.3002134,0.036229268
S0890,0.16900463,0.14526153,0.0,0.1559529,0.0,0.1686542,0.2695521,0.11918457,0.3002134,0.036229268
S0891,0.16900463,0.14526153,0.0,0.1559529,0.0,0.1686542,0.2695521,0.11918457,0.3002134,0.036229268
S0892,0.16900463,0.14526153,0.0,0.1559529,0.0,0.1686542,0.2695521,0.11918457,0.3002134,0.036229268
S0893,0.16900463,0.14526153,0.0,0.1559529,0.0,0.1686542,0.2695521,0.11918457,0.3002134,0.036229268
S0894,0.16900463,0.14526153,0.0,0.1559529,0.0,0.1686542,0.2695521,0.11918457,0.3002134,0.036229268
S0895,0.16900463,0.14526153,0.0,0.1559529,0.0,0.1686542,0.2695521,0.11918457,0.3002134,0.036229268
S0896,0.16900463,0.14526153,0.0,0.1559529,0.0,0.1686542,0.2695521,0.11918457,0.3002134,0.036229268
S0897,0.16900463,0.14526153,0.0,0.1559529,0.0,0.1686542,0.2695521,0.11918457,0.3002134,0.036229268
S0898,0.16900463,0.14526153,0.0,0.1559529,0.0,0.1686542,0.2695521,0.11918457,0.3002134,0.036229268
S0899,0.16900463,0.14526153,0.0,0.1559529,0.0,0.1686542,0.2695521,0.11918457,0.3002134,0.036229268
S0900,0.16900463,0.14526153,0.0,0.1559529,0.0,0.1686542,0.2695521,0.11918457,0.3002134,0.036229268
S0901,0.16900463,0.14526153,0.0,0.1559529,0.0,0.1686542,0.2695521,0.11918457,0.3002134,0.036229268
S0902,0.16900463,0.14526153,0.0,0.1559529,0.0,0.1686542,0.2695521,0.11918457,0.3002134,0.036229268
S0903,0.16900463,0.14526153,0.0,0.1559529,0.0,0.1686542,0.2695521,0.11918457,0.3002134,0.036229268
S0904,0.16900463,0.14526153,0.0,0.1559529,0.0,0.1686542,0.2695521,0.11918457,0.3002134,0.036229268
S0905,0.16900463,0.14526153,0.0,0.1559529,0.0,0.1686542,0.2695521,0.11918457,0.3002134,0.036229268
S0906,0.16900463,0.14526153,0.0,0.1559529,0.0,0.1686542,0.2695521,0.11918457,0.3002134,0.036229268
S0907,0.16900463,0.14526153,0.0,0.1559529,0.0,0.1686542,0.2695521,0.11918457,0.3002134,0.036229268
S0908,0.16900463,0.14526153,0.0,0.1559529,0.0,0.1686542,0.2695521,0.11918457,0.3002134,0.036229268
S0909,0.16900463,0.14526153,0.0,0.1559529,0.0,0.1686542,0.2695521,0.11918457,0.3002134,0.036229268
S0910,0.16900463,0.14526153,0.0,0.1559529,0.0,0.1686542,0.2695521,0.11918457,0.3002134,0.036229268
S0911,0.16900463,0.14526153,0.0,0.1559529,0.0,0.1686542,0.2695521,0.11918457,0.3002134,0.036229268
S0912,0.16900463,0.14526153,0.0,0.1559529,0.0,0.1686542,0.2695521,0.11918457,0.3002134,0.036229268
S0913,0.16900463,0.14526153,0.0,0.1559529,0.0,0.1686542,0.2695521,0.11918457,0.3002134,0.036229268
S0914,0.16900463,0.14526153,0.0,0.1559529,0.0,0.1686542,0.2695521,0.11918457,0.3002134,0.036229268
S0915,0.16900463,0.14526153,0.0,0.1559529,0.0,0.1686542,0.2695521,0.11918457,0.3002134,0.036229268
S0916,0.16900463,0.14526153,0.0,0.1559529,0.0,0.1686542,0.2695521,0.11918457,0.3002134,0.036229268
S0917,0.16900463,0.14526153,0.0,0.1559529,0.0,0.1686542,0.2695521,0.11918457,0.3002134,0.036229268
S0918,0.16900463,0.14526153,0.0,0.1559529,0.0,0.1686542,0.2695521,0.11918457,0.3002134,0.036229268
S0919,0.16900463,0.14526153,0.0,0.1559529,0.0,0.1686542,0.2695521,0.11918457,0.3002134,0.036229268
S0920,0.16900463,0.14526153,0.0,0.1559529,0.0,0.1686542,0.2695521,0.11918457,0.3002134,0.036229268
S0921,0.16900463,0.14526153,0.0,0.1559529,0.0,0.1686542,0.2695521,0.11918457,0.3002134,0.036229268
S0922,0.16900463,0.14526153,0.0,0.1559529,0.0,0.1686542,0.2695521,0.11918457,0.3002134,0.036229268
S0923,0.16900463,0.14526153,0.0,0.1559529,0.0,0.1686542,0.2695521,0.11918457,0.3002134,0.036229268
S0924,0.16900463,0.14526153,0.0,0.1559529,0.0,0.1686542,0.2695521,0.11918457,0.3002134,0.036229268
S0925,0.16900463,0.14526153,0.0,0.1559529,0.0,0.1686542,0.2695521,0.11918457,0.3002134,0.036229268
S0926,0.16900463,0.14526153,0.0,0.1559529,0.0,0.1686542,0.2695521,0.11918457,0.3002134,0.036229268
S0927,0.16900463,0.14526153,0.0,0.1559529,0.0,0.1686542,0.2695521,0.11918457,0.3002134,0.036229268
S0928,0.16900463,0.14526153,0.0,0.1559529,0.0,0.1686542,0.2695521,0.11918457,0.3002134,0.036229268
S0929,0.16900463,0.14526153,0.0,0.1559529,0.0,0.1686542,0.2695521,0.11918457,0.3002134,0.036229268
S0930,0.16900463,0.14526153,0.0,0.1559529,0.0,0.1686542,0.2695521,0.11918457,0.3002134,0.036229268
S0931,0.16900463,0.14526153,0.0,0.1559529,0.0,0.1686542,0.2695521,0.11918457,0.3002134,0.036229268
S0932,0.16900463,0.14526153,0.0,0.1559529,0.0,0.1686542,0.2695521,0.11918457,0.3002134,0.036229268
S0933,0.16900463,0.14526153,0.0,0.1559529,0.0,0.1686542,0.2695521,0.11918457,0.3002134,0.036229268
S0934,0.16900463,0.14526153,0.0,0.1559529,0.0,0.1686542,0.2695521,0.11918457,0.3002134,0.036229268
S0935,0.16900463,0.14526153,0.0,0.1559529,0.0,0.1686542,0.2695521,0.11918457,0.3002134,0.036229268
S0936,0.16900463,0.14526153,0.0,0.1559529,0.0,0.1686542,0.2695521,0.11918457,0.3002134,0.036229268
S0937,0.16900463,0.14526153,0.0,0.1559529,0.0,0.1686542,0.2695521,0.11918457,0.3002134,0.036229268
S0938,0.16900463,0.14526153,0.0,0.1559529,0.0,0.1686542,0.2695521,0.11918457,0.3002134,0.036229268
S0939,0.16900463,0.14526153,0.0,0.1559529,0.0,0.1686542,0.2695521,0.11918457,0.3002134,0.036229268
S0940,0.16900463,0.14526153,0.0,0.1559529,0.0,0.1686542,0.2695521,0.11918457,0.3002134,0.036229268
S0941,0.16900463,0.14526153,0.0,0.1559529,0.0,0.1686542,0.2695521,0.11918457,0.3002134,0.036229268
S0942,0.16900463,0.14526153,0.0,0.1559529,0.0,0.1686542,0.2695521,0.11918457,0.3002134,0.036229268
S0943,0.16900463,0.14526153,0.0,0.1559529,0.0,0.1686542,0.2695521,0.11918457,0.3002134,0.036229268
S0944,0.16900463,0.14526153,0.0,0.1559529,0.0,0.1686542,0.2695521,0.11918457,0.3002134,0.036229268
S0945,0.16900463,0.14526153,0.0,0.1559529,0.0,0.1686542,0.2695521,0.11918457,0.3002134,0.036229268
S0946,0.16900463,0.14526153,0.0,0.1559529,0.0,0.1686542,0.2695521,0.11918457,0.3002134,0.036229268
S0947,0.16900463,0.14526153,0.0,0.1559529,0.0,0.1686542,0.2695521,0.11918457,0.3002134,0.036229268
S0948,0.16900463,0.14526153,0.0,0.1559529,0.0,0.1686542,0.2695521,0.11918457,0.3002134,0.036229268
S0949,0.16900463,0.14526153,0.0,0.1559529,0.0,0.1686542,0.2695521,0.11918457,0.3002134,0.036229268
S0950,0.16900463,0.14526153,0.0,0.1559529,0.0,0.1686542,0.2695521,0.11918457,0.3002134,0.036229268
S0951,0.16900463,0.14526153,0.0,0.1559529,0.0,0.1686542,0.2695521,0.11918457,0.3002134,0.036229268
S0952,0.16900463,0.14526153,0.0,0.1559529,0.0,0.1686542,0.2695521,0.11918457,0.3002134,0.036229268
S0953,0.16900463,0.14526153,0.0,0.1559529,0.0,0.1686542,0.2695521,0.11918457,0.3002134,0.036229268
S0954,0.16900463,0.14526153,0.0,0.1559529,0.0,0.1686542,0.2695521,0.11918457,0.3002134,0.036229268
S0955,0.16900463,0.14526153,0.0,0.1559529,0.0,0.1686542,0.2695521,0.11918457,0.3002134,0.036229268
S0956,0.16900463,0.14526153,0.0,0.1559529,0.0,0.1686542,0.2695521,0.11918457,0.3002134,0.036229268
S0957,0.16900463,0.14526153,0.0,0.1559529,0.0,0.1686542,0.2695521,0.11918457,0.3002134,0.036229268
S0958,0.16900463,0.14526153,0.0,0.1559529,0.0,0.1686542,0.2695521,0.11918457,0.3002134,0.036229268
S0959,0.16900463,0.14526153,0.0,0.1559529,0.0,0.1686542,0.2695521,0.11918457,0.3002134,0.036229268
S0960,0.16900463,0.14526153,0.0,0.1559529,0.0,0.1686542,0.2695521,0.11918457,0.3002134,0.036229268
S0961,0.16900463,0.14526153,0.0,0.1559529,0.0,0.1686542,0.2695521,0.11918457,0.3002134,0.036229268
S0962,0.16900463,0.14526153,0.0,0.1559529,0.0,0.1686542,0.2695521,0.11918457,0.3002134,0.036229268
S0963,0.16900463,0.14526153,0.0,0.1559529,0.0,0.1686542,0.2695521,0.11918457,0.3002134,0.036229268
S0964,0.16900463,0.14526153,0.0,0.1559529,0.0,0.1686542,0.2695521,0.11918457,0.3002134,0.036229268
S0965,0.16900463,0.14526153,0.0,0.1559529,0.0,0.1686542,0.2695521,0.11918457,0.3002134,0.036229268
S0966,0.16900463,0.14526153,0.0,0.1559529,0.0,0.1686542,0.2695521,0.11918457,0.3002134,0.036229268
S0967,0.16900463,0.14526153,0.0,0.1559529,0.0,0.1686542,0.2695521,0.11918457,0.3002134,0.036229268
S0968,0.16900463,0.14526153,0.0,0.1559529,0.0,0.1686542,0.2695521,0.11918457,0.3002134,0.036229268
S0969,0.16900463,0.14526153,0.0,0.1559529,0.0,0.1686542,0.2695521,0.11918457,0.3002134,0.036229268
S0970,0.16900463,0.14526153,0.0,0.1559529,0.0,0.1686542,0.2695521,0.11918457,0.3002134,0.036229268
S0971,0.16900463,0.14526153,0.0,0.1559529,0.0,0.1686542,0.2695521,0.11918457,0.3002134,0.036229268
S0972,0.16900463,0.14526153,0.0,0.1559529,0.0,0.1686542,0.2695521,0.11918457,0.3002134,0.036229268
S0973,0.16900463,0.14526153,0.0,0.1559529,0.0,0.1686542,0.2695521,0.11918457,0.3002134,0.036229268
S0974,0.16900463,0.14526153,0.0,0.1559529,0.0,0.1686542,0.2695521,0.11918457,0.3002134,0.036229268
S0975,0.16900463,0.14526153,0.0,0.1559529,0.0,0.1686542,0.2695521,0.11918457,0.3002134,0.036229268
S0976,0.16900463,0.14526153,0.0,0.1559529,0.0,0.1686542,0.2695521,0.11918457,0.3002134,0.036229268
S0977,0.16900463,0.14526153,0.0,0.1559529,0.0,0.1686542,0.2695521,0.11918457,0.3002134,0.036229268
S0978,0.16900463,0.14526153,0.0,0.1559529,0.0,0.1686542,0.2695521,0.11918457,0.3002134,0.036229268
S0979,0.16900463,0.14526153,0.0,0.1559529,0.0,0.1686542,0.2695521,0.11918457,0.3002134,0.036229268
S0980,0.16900463,0.14526153,0.0,0.1559529,0.0,0.1686542,0.2695521,0.11918457,0.3002134,0.036229268
S0981,0.16900463,0.14526153,0.0,0.1559529,0.0,0.1686542,0.2695521,0.11918457,0.3002134,0.036229268
S0982,0.16900463,0.14526153,0.0,0.1559529,0.0,0.1686542,0.2695521,0.11918457,0.3002134,0.036229268
S0983,0.16900463,0.14526153,0.0,0.1559529,0.0,0.1686542,0.2695521,0.11918457,0.3002134,0.036229268
S0984,0.16900463,0.14526153,0.0,0.1559529,0.0,0.1686542,0.2695521,0.11918457,0.3002134,0.036229268
S0985,0.16900463,0.14526153,0.0,0.1559529,0.0,0.1686542,0.2695521,0.11918457,0.3002134,0.036229268
S0986,0.16900463,0.14526153,0.0,0.1559529,0.0,0.1686542,0.2695521,0.11918457,0.3002134,0.036229268
S0987,0.16900463,0.14526153,0.0,0.1559529,0.0,0.1686542,0.2695521,0.11918457,0.3002134,0.036229268
S0988,0.16900463,0.14526153,0.0,0.1559529,0.0,0.1686542,0.2695521,0.11918457,0.3002134,0.036229268
S0989,0.16900463,0.14526153,0.0,0.1559529,0.0,0.1686542,0.2695521,0.11918457,0.3002134,0.036229268
S0990,0.16900463,0.14526153,0.0,0.1559529,0.0,0.1686542,0.2695521,0.11918457,0.3002134,0.036229268
S0991,0.16900463,0.14526153,0.0,0.1559529,0.0,0.1686542,0.2695521,0.11918457,0.3002134,0.036229268
S0992,0.16900463,0.14526153,0.0,0.1559529,0.0,0.1686542,0.2695521,0.11918457,0.3002134,0.036229268
S0993,0.16900463,0.14526153,0.0,0.1559529,0.0,0.1686542,0.2695521,0.11918457,0.3002134,0.036229268
S0994,0.16900463,0.14526153,0.0,0.1559529,0.0,0.1686542,0.2695521,0.11918457,0.3002134,0.036229268
S0995,0.16900463,0.14526153,0.0,0.1559529,0.0,0.1686542,0.2695521,0.11918457,0.3002134,0.036229268
S0996,0.16900463,0.14526153,0.0,0.1559529,0.0,0.1686542,0.2695521,0.11918457,0.3002134,0.036229268
S0997,0.16900463,0.14526153,0.0,0.1559529,0.0,0.1686542,0.2695521,0.11918457,0.3002134,0.036229268
S0998,0.16900463,0.14526153,0.0,0.1559529,0.0,0.1686542,0.2695521,0.11918457,0.3002134,0.036229268
S0999,0.16900463,0.14526153,0.0,0.1559529,0.0,0.1686542,0.2695521,0.11918457,0.3002134,0.036229268
S1000,0.16900463,0.14526153,0.0,0.1559529,0.0,0.1686542,0.2695521,0.11918457,0.3002134,0.036229268
S1001,0.16900463,0.14526153,0.0,0.1559529,0.0,0.1686542,0.2695521,0.11918457,0.3002134,0.036229268
S1002,0.16900463,0.14526153,0.0,0.1559529,0.0,0.1686542,0.2695521,0.11918457,0.3002134,0.036229268
S1003,0.16900463,0.14526153,0.0,0.1559529,0.0,0.1686542,0.2695521,0.11918457,0.3002134,0.036229268
S1004,0.16900463,0.14526153,0.0,0.1559529,0.0,0.1686542,0.2695521,0.11918457,0.3002134,0.036229268
S1005,0.16900463,0.14526153,0.0,0.1559529,0.0,0.1686542,0.2695521,0.11918457,0.3002134,0.036229268
S1006,0.16900463,0.14526153,0.0,0.1559529,0.0,0.1686542,0.2695521,0.11918457,0.3002134,0.036229268
S1007,0.16900463,0.14526153,0.0,0.1559529,0.0,0.1686542,0.2695521,0.11918457,0.3002134,0.036229268
S1008,0.16900463,0.14526153,0.0,0.1559529,0.0,0.1686542,0.2695521,0.11918457,0.3002134,0.036229268
S1009,0.16900463,0.14526153,0.0,0.1559529,0.0,0.1686542,0.2695521,0.11918457,0.3002134,0.036229268
S1010,0.16900463,0.14526153,0.0,0.1559529,0.0,0.1686542,0.2695521,0.11918457,0.3002134,0.036229268
S1011,0.16900463,0.14526153,0.0,0.1559529,0.0,0.1686542,0.2695521,0.11918457,0.3002134,0.036229268
S1012,0.16900463,0.14526153,0.0,0.1559529,0.0,0.1686542,0.2695521,0.11918457,0.3002134,0.036229268
S1013,0.16900463,0.14526153,0.0,0.1559529,0.0,0.1686542,0.2695521,0.11918457,0.3002134,0.036229268
S1014,0.16900463,0.14526153,0.0,0.1559529,0.0,0.1686542,0.2695521,0.11918457,0.3002134,0.036229268
S1015,0.16900463,0.14526153,0.0,0.1559529,0.0,0.1686542,0.2695521,0.11918457,0.3002134,0.036229268
S1016,0.16900463,0.14526153,0.0,0.1559529,0.0,0.1686542,0.2695521,0.11918457,0.3002134,0.036229268
S1017,0.16900463,0.14526153,0.0,0.1559529,0.0,0.1686542,0.2695521,0.11918457,0.3002134,0.036229268
S1018,0.16900463,0.14526153,0.0,0.1559529,0.0,0.1686542,0.2695521,0.11918457,0.3002134,0.036229268
S1019,0.16900463,0.14526153,0.0,0.1559529,0.0,0.1686542,0.2695521,0.11918457,0.3002134,0.036229268
S1020,0.16900463,0.14526153,0.0,0.1559529,0.0,0.1686542,0.2695521,0.11918457,0.3002134,0.036229268
S1021,0.16900463,0.14526153,0.0,0.1559529,0.0,0.1686542,0.2695521,0.11918457,0.3002134,0.036229268
S1022,0.16900463,0.14526153,0.0,0.1559529,0.0,0.1686542,0.2695521,0.11918457,0.3002134,0.036229268
S1023,0.16900463,0.14526153,0.0,0.1559529,0.0,0.1686542,0.2695521,0.11918457,0.3002134,0.036229268
S1024,0.16900463,0.14526153,0.0,0.1559529,0.0,0.1686542,0.2695521,0.11918457,0.3002134,0.036229268
S1025,0.16900463,0.14526153,0.0,0.1559529,0.0,0.1686542,0.2695521,0.11918457,0.3002134,0.036229268
S1026,0.16900463,0.14526153,0.0,0.1559529,0.0,0.1686542,0.2695521,0.11918457,0.3002134,0.036229268
S1027,0.16900463,0.14526153,0.0,0.1559529,0.0,0.1686542,0.2695521,0.11918457,0.3002134,0.036229268
S1028,0.16900463,0.14526153,0.0,0.1559529,0.0,0.1686542,0.2695521,0.11918457,0.3002134,0.036229268
S1029,0.16900463,0.14526153,0.0,0.1559529,0.0,0.1686542,0.2695521,0.11918457,0.3002134,0.036229268
S1030,0.16900463,0.14526153,0.0,0.1559529,0.0,0.1686542,0.2695521,0.11918457,0.3002134,0.036229268
S1031,0.16900463,0.14526153,0.0,0.1559529,0.0,0.1686542,0.2695521,0.11918457,0.3002134,0.036229268
S1032,0.16900463,0.14526153,0.0,0.1559529,0.0,0.1686542,0.2695521,0.11918457,0.3002134,0.036229268
S1033,0.16900463,0.14526153,0.0,0.1559529,0.0,0.1686542,0.2695521,0.11918457,0.3002134,0.036229268
S1034,0.16900463,0.14526153,0.0,0.1559529,0.0,0.1686542,0.2695521,0.11918457,0.3002134,0.036229268
S1035,0.16900463,0.14526153,0.0,0.1559529,0.0,0.1686542,0.2695521,0.11918457,0.3002134,0.036229268
S1036,0.16900463,0.14526153,0.0,0.1559529,0.0,0.1686542,0.2695521,0.11918457,0.3002134,0.036229268
S1037,0.16900463,0.14526153,0.0,0.1559529,0.0,0.1686542,0.2695521,0.11918457,0.3002134,0.036229268
S1038,0.16900463,0.14526153,0.0,0.1559529,0.0,0.1686542,0.2695521,0.11918457,0.3002134,0.036229268
S1039,0.16900463,0.14526153,0.0,0.1559529,0.0,0.1686542,0.2695521,0.11918457,0.3002134,0.036229268
S1040,0.16900463,0.14526153,0.0,0.1559529,0.0,0.1686542,0.2695521,0.11918457,0.3002134,0.036229268
S1041,0.16900463,0.14526153,0.0,0.1559529,0.0,0.1686542,0.2695521,0.11918457,0.3002134,0.036229268
S1042,0.16900463,0.14526153,0.0,0.1559529,0.0,0.1686542,0.2695521,0.11918457,0.3002134,0.036229268
S1043,0.16900463,0.14526153,0.0,0.1559529,0.0,0.1686542,0.2695521,0.11918457,0.3002134,0.036229268
S1044,0.16900463,0.14526153,0.0,0.1559529,0.0,0.1686542,0.2695521,0.11918457,0.3002134,0.036229268
S1045,0.16900463,0.14526153,0.0,0.1559529,0.0,0.1686542,0.2695521,0.11918457,0.3002134,0.036229268
S1046,0.16900463,0.14526153,0.0,0.1559529,0.0,0.1686542,0.2695521,0.11918457,0.3002134,0.036229268
S1047,0.16900463,0.14526153,0.0,0.1559529,0.0,0.1686542,0.2695521,0.11918457,0.3002134,0.036229268
S1048,0.16900463,0.14526153,0.0,0.1559529,0.0,0.1686542,0.2695521,0.11918457,0.3002134,0.036229268
S1049,0.16900463,0.14526153,0.0,0.1559529,0.0,0.1686542,0.2695521,0.11918457,0.3002134,0.036229268
S1050,0.16900463,0.14526153,0.0,0.1559529,0.0,0.1686542,0.2695521,0.11918457,0.3002134,0.036229268
S1051,0.16900463,0.14526153,0.0,0.1559529,0.0,0.1686542,0.2695521,0.11918457,0.3002134,0.036229268
S1052,0.16900463,0.14526153,0.0,0.1559529,0.0,0.1686542,0.2695521,0.11918457,0.3002134,0.036229268
S1053,0.16900463,0.14526153,0.0,0.1559529,0.0,0.1686542,0.2695521,0.11918457,0.3002134,0.036229268
S1054,0.16900463,0.14526153,0.0,0.1559529,0.0,0.1686542,0.2695521,0.11918457,0.3002134,0.036229268
S1055,0.16900463,0.14526153,0.0,0.1559529,0.0,0.1686542,0.2695521,0.11918457,0.3002134,0.036229268
S1056,0.16900463,0.14526153,0.0,0.1559529,0.0,0.1686542,0.2695521,0.11918457,0.3002134,0.036229268
S1057,0.16900463,0.14526153,0.0,0.1559529,0.0,0.1686542,0.2695521,0.11918457,0.3002134,0.036229268
S1058,0.16900463,0.14526153,0.0,0.1559529,0.0,0.1686542,0.2695521,0.11918457,0.3002134,0.036229268
S1059,0.16900463,0.14526153,0.0,0.1559529,0.0,0.1686542,0.2695521,0.11918457,0.3002134,0.036229268
S1060,0.16900463,0.14526153,0.0,0.1559529,0.0,0.1686542,0.2695521,0.11918457,0.3002134,0.036229268
S1061,0.16900463,0.14526153,0.0,0.1559529,0.0,0.1686542,0.2695521,0.11918457,0.3002134,0.036229268
S1062,0.16900463,0.14526153,0.0,0.1559529,0.0,0.1686542,0.2695521,0.11918457,0.3002134,0.036229268
S1063,0.16900463,0.14526153,0.0,0.1559529,0.0,0.1686542,0.2695521,0.11918457,0.3002134,0.036229268
S1064,0.16900463,0.14526153,0.0,0.1559529,0.0,0.1686542,0.2695521,0.11918457,0.3002134,0.036229268
S1065,0.16900463,0.14526153,0.0,0.1559529,0.0,0.1686542,0.2695521,0.11918457,0.3002134,0.036229268
S1066,0.16900463,0.14526153,0.0,0.1559529,0.0,0.1686542,0.2695521,0.11918457,0.3002134,0.036229268
S1067,0.16900463,0.14526153,0.0,0.1559529,0.0,0.1686542,0.2695521,0.11918457,0.3002134,0.036229268
S1068,0.16900463,0.14526153,0.0,0.1559529,0.0,0.1686542,0.2695521,0.11918457,0.3002134,0.036229268
S1069,0.16900463,0.14526153,0.0,0.1559529,0.0,0.1686542,0.2695521,0.11918457,0.3002134,0.036229268
S1070,0.16900463,0.14526153,0.0,0.1559529,0.0,0.1686542,0.2695521,0.11918457,0.3002134,0.036229268
S1071,0.16900463,0.14526153,0.0,0.1559529,0.0,0.1686542,0.2695521,0.11918457,0.3002134,0.036229268
S1072,0.16900463,0.14526153,0.0,0.1559529,0.0,0.1686542,0.2695521,0.11918457,0.3002134,0.036229268
S1073,0.16900463,0.14526153,0.0,0.1559529,0.0,0.1686542,0.2695521,0.11918457,0.3002134,0.036229268
S1074,0.16900463,0.14526153,0.0,0.1559529,0.0,0.1686542,0.2695521,0.11918457,0.3002134,0.036229268
S1075,0.16900463,0.14526153,0.0,0.1559529,0.0,0.1686542,0.2695521,0.11918457,0.3002134,0.036229268
S1076,0.16900463,0.14526153,0.0,0.1559529,0.0,0.1686542,0.2695521,0.11918457,0.3002134,0.036229268
S1077,0.16900463,0.14526153,0.0,0.1559529,0.0,0.1686542,0.2695521,0.11918457,0.3002134,0.036229268
S1078,0.16900463,0.14526153,0.0,0.1559529,0.0,0.1686542,0.2695521,0.11918457,0.3002134,0.036229268
S1079,0.16900463,0.14526153,0.0,0.1559529,0.0,0.1686542,0.2695521,0.11918457,0.3002134,0.036229268
S1080,0.16900463,0.14526153,0.0,0.1559529,0.0,0.1686542,0.2695521,0.11918457,0.3002134,0.036229268
S1081,0.16900463,0.14526153,0.0,0.1559529,0.0,0.1686542,0.2695521,0.11918457,0.3002134,0.036229268
S1082,0.16900463,0.14526153,0.0,0.1559529,0.0,0.1686542,0.2695521,0.11918457,0.3002134,0.036229268
S1083,0.16900463,0.14526153,0.0,0.1559529,0.0,0.1686542,0.2695521,0.11918457,0.3002134,0.036229268
S1084,0.16900463,0.14526153,0.0,0.1559529,0.0,0.1686542,0.2695521,0.11918457,0.3002134,0.036229268
S1085,0.16900463,0.14526153,0.0,0.1559529,0.0,0.1686542,0.2695521,0.11918457,0.3002134,0.036229268
S1086,0.16900463,0.14526153,0.0,0.1559529,0.0,0.1686542,0.2695521,0.11918457,0.3002134,0.036229268
S1087,0.16900463,0.14526153,0.0,0.1559529,0.0,0.1686542,0.2695521,0.11918457,0.3002134,0.036229268
S1088,0.16900463,0.14526153,0.0,0.1559529,0.0,0.1686542,0.2695521,0.11918457,0.3002134,0.036229268
S1089,0.16900463,0.14526153,0.0,0.1559529,0.0,0.1686542,0.2695521,0.11918457,0.3002134,0.036229268
S1090,0.16900463,0.14526153,0.0,0.1559529,0.0,0.1686542,0.2695521,0.11918457,0.3002134,0.036229268
S1091,0.16900463,0.14526153,0.0,0.1559529,0.0,0.1686542,0.2695521,0.11918457,0.3002134,0.036229268
S1092,0.16900463,0.14526153,0.0,0.1559529,0.0,0.1686542,0.2695521,0.11918457,0.3002134,0.036229268
S1093,0.16900463,0.14526153,0.0,0.1559529,0.0,0.1686542,0.2695521,0.11918457,0.3002134,0.036229268
S1094,0.16900463,0.14526153,0.0,0.1559529,0.0,0.1686542,0.2695521,0.11918457,0.3002134,0.036229268
S1095,0.16900463,0.14526153,0.0,0.1559529,0.0,0.1686542,0.2695521,0.11918457,0.3002134,0.036229268
S1096,0.16900463,0.14526153,0.0,0.1559529,0.0,0.1686542,0.2695521,0.11918457,0.3002134,0.036229268
S1097,0.16900463,0.14526153,0.0,0.1559529,0.0,0.1686542,0.2695521,0.11918457,0.3002134,0.036229268
S1098,0.16900463,0.14526153,0.0,0.1559529,0.0,0.1686542,0.2695521,0.11918457,0.3002134,0.036229268
S1099,0.16900463,0.14526153,0.0,0.1559529,0.0,0.1686542,0.2695521,0.11918457,0.3002134,0.036229268
S1100,0.16900463,0.14526153,0.0,0.1559529,0.0,0.1686542,0.2695521,0.11918457,0.3002134,0.036229268
S1101,0.16900463,0.14526153,0.0,0.1559529,0.0,0.1686542,0.2695521,0.11918457,0.3002134,0.036229268
S1102,0.16900463,0.14526153,0.0,0.1559529,0.0,0.1686542,0.2695521,0.11918457,0.3002134,0.036229268
S1103,0.16900463,0.14526153,0.0,0.1559529,0.0,0.1686542,0.2695521,0.11918457,0.3002134,0.036229268
S1104,0.16900463,0.14526153,0.0,0.1559529,0.0,0.1686542,0.2695521,0.11918457,0.3002134,0.036229268
S1105,0.16900463,0.14526153,0.0,0.1559529,0.0,0.1686542,0.2695521,0.11918457,0.3002134,0.036229268
S1106,0.16900463,0.14526153,0.0,0.1559529,0.0,0.1686542,0.2695521,0.11918457,0.3002134,0.036229268
S1107,0.16900463,0.14526153,0.0,0.1559529,0.0,0.1686542,0.2695521,0.11918457,0.3002134,0.036229268
S1108,0.16900463,0.14526153,0.0,0.1559529,0.0,0.1686542,0.2695521,0.11918457,0.3002134,0.036229268
S1109,0.16900463,0.14526153,0.0,0.1559529,0.0,0.1686542,0.2695521,0.11918457,0.3002134,0.036229268
S1110,0.16900463,0.14526153,0.0,0.1559529,0.0,0.1686542,0.2695521,0.11918457,0.3002134,0.036229268
S1111,0.16900463,0.14526153,0.0,0.1559529,0.0,0.1686542,0.2695521,0.11918457,0.3002134,0.036229268
S1112,0.16900463,0.14526153,0.0,0.1559529,0.0,0.1686542,0.2695521,0.11918457,0.3002134,0.036229268
S1113,0.16900463,0.14526153,0.0,0.1559529,0.0,0.1686542,0.2695521,0.11918457,0.3002134,0.036229268
S1114,0.16900463,0.14526153,0.0,0.1559529,0.0,0.1686542,0.2695521,0.11918457,0.3002134,0.036229268
S1115,0.16900463,0.14526153,0.0,0.1559529,0.0,0.1686542,0.2695521,0.11918457,0.3002134,0.036229268
S1116,0.16900463,0.14526153,0.0,0.1559529,0.0,0.1686542,0.2695521,0.11918457,0.3002134,0.036229268
S1117,0.16900463,0.14526153,0.0,0.1559529,0.0,0.1686542,0.2695521,0.11918457,0.3002134,0.036229268
S1118,0.16900463,0.14526153,0.0,0.1559529,0.0,0.1686542,0.2695521,0.11918457,0.3002134,0.036229268
S1119,0.16900463,0.14526153,0.0,0.1559529,0.0,0.1686542,0.2695521,0.11918457,0.3002134,0.036229268
S1120,0.16900463,0.14526153,0.0,0.1559529,0.0,0.1686542,0.2695521,0.11918457,0.3002134,0.036229268
S1121,0.16900463,0.14526153,0.0,0.1559529,0.0,0.1686542,0.2695521,0.11918457,0.3002134,0.036229268
S1122,0.16900463,0.14526153,0.0,0.1559529,0.0,0.1686542,0.2695521,0.11918457,0.3002134,0.036229268
S1123,0.16900463,0.14526153,0.0,0.1559529,0.0,0.1686542,0.2695521,0.11918457,0.3002134,0.036229268
S1124,0.16900463,0.14526153,0.0,0.1559529,0.0,0.1686542,0.2695521,0.11918457,0.3002134,0.036229268
S1125,0.16900463,0.14526153,0.0,0.1559529,0.0,0.1686542,0.2695521,0.11918457,0.3002134,0.036229268
S1126,0.16900463,0.14526153,0.0,0.1559529,0.0,0.1686542,0.2695521,0.11918457,0.3002134,0.036229268
S1127,0.16900463,0.14526153,0.0,0.1559529,0.0,0.1686542,0.2695521,0.11918457,0.3002134,0.036229268
S1128,0.16900463,0.14526153,0.0,0.1559529,0.0,0.1686542,0.2695521,0.11918457,0.3002134,0.036229268
S1129,0.16900463,0.14526153,0.0,0.1559529,0.0,0.1686542,0.2695521,0.11918457,0.3002134,0.036229268
S1130,0.16900463,0.14526153,0.0,0.1559529,0.0,0.1686542,0.2695521,0.11918457,0.3002134,0.036229268
S1131,0.16900463,0.14526153,0.0,0.1559529,0.0,0.1686542,0.2695521,0.11918457,0.3002134,0.036229268
S1132,0.16900463,0.14526153,0.0,0.1559529,0.0,0.1686542,0.2695521,0.11918457,0.3002134,0.036229268
S1133,0.16900463,0.14526153,0.0,0.1559529,0.0,0.1686542,0.2695521,0.11918457,0.3002134,0.036229268
S1134,0.16900463,0.14526153,0.0,0.1559529,0.0,0.1686542,0.2695521,0.11918457,0.3002134,0.036229268
S1135,0.16900463,0.14526153,0.0,0.1559529,0.0,0.1686542,0.2695521,0.11918457,0.3002134,0.036229268
S1136,0.16900463,0.14526153,0.0,0.1559529,0.0,0.1686542,0.2695521,0.11918457,0.3002134,0.036229268
S1137,0.16900463,0.14526153,0.0,0.1559529,0.0,0.1686542,0.2695521,0.11918457,0.3002134,0.036229268
S1138,0.16900463,0.14526153,0.0,0.1559529,0.0,0.1686542,0.2695521,0.11918457,0.3002134,0.036229268
S1139,0.16900463,0.14526153,0.0,0.1559529,0.0,0.1686542,0.2695521,0.11918457,0.3002134,0.036229268
S1140,0.16900463,0.14526153,0.0,0.1559529,0.0,0.1686542,0.2695521,0.11918457,0.3002134,0.036229268
S1141,0.16900463,0.14526153,0.0,0.1559529,0.0,0.1686542,0.2695521,0.11918457,0.3002134,0.036229268
S1142,0.16900463,0.14526153,0.0,0.1559529,0.0,0.1686542,0.2695521,0.11918457,0.3002134,0.036229268
S1143,0.16900463,0.14526153,0.0,0.1559529,0.0,0.1686542,0.2695521,0.11918457,0.3002134,0.036229268
S1144,0.16900463,0.14526153,0.0,0.1559529,0.0,0.1686542,0.2695521,0.11918457,0.3002134,0.036229268
S1145,0.16900463,0.14526153,0.0,0.1559529,0.0,0.1686542,0.2695521,0.11918457,0.3002134,0.036229268
S1146,0.16900463,0.14526153,0.0,0.1559529,0.0,0.1686542,0.2695521,0.11918457,0.3002134,0.036229268
S1147,0.16900463,0.14526153,0.0,0.1559529,0.0,0.1686542,0.2695521,0.11918457,0.3002134,0.036229268
S1148,0.16900463,0.14526153,0.0,0.1559529,0.0,0.1686542,0.2695521,0.11918457,0.3002134,0.036229268
S1149,0.16900463,0.14526153,0.0,0.1559529,0.0,0.1686542,0.2695521,0.11918457,0.3002134,0.036229268
S1150,0.16900463,0.14526153,0.0,0.1559529,0.0,0.1686542,0.2695521,0.11918457,0.3002134,0.036229268
S1151,0.16900463,0.14526153,0.0,0.1559529,0.0,0.1686542,0.2695521,0.11918457,0.3002134,0.036229268
S1152,0.16900463,0.14526153,0.0,0.1559529,0.0,0.1686542,0.2695521,0.11918457,0.3002134,0.036229268
S1153,0.16900463,0.14526153,0.0,0.1559529,0.0,0.1686542,0.2695521,0.11918457,0.3002134,0.036229268
S1154,0.16900463,0.14526153,0.0,0.1559529,0.0,0.1686542,0.2695521,0.11918457,0.3002134,0.036229268
S1155,0.16900463,0.14526153,0.0,0.1559529,0.0,0.1686542,0.2695521,0.11918457,0.3002134,0.036229268
S1156,0.16900463,0.14526153,0.0,0.1559529,0.0,0.1686542,0.2695521,0.11918457,0.3002134,0.036229268
S1157,0.16900463,0.14526153,0.0,0.1559529,0.0,0.1686542,0.2695521,0.11918457,0.3002134,0.036229268
S1158,0.16900463,0.14526153,0.0,0.1559529,0.0,0.1686542,0.2695521,0.11918457,0.3002134,0.036229268
S1159,0.16900463,0.14526153,0.0,0.1559529,0.0,0.1686542,0.2695521,0.11918457,0.3002134,0.036229268
S1160,0.16900463,0.14526153,0.0,0.1559529,0.0,0.1686542,0.2695521,0.11918457,0.3002134,0.036229268
S1161,0.16900463,0.14526153,0.0,0.1559529,0.0,0.1686542,0.2695521,0.11918457,0.3002134,0.036229268
S1162,0.16900463,0.14526153,0.0,0.1559529,0.0,0.1686542,0.2695521,0.11918457,0.3002134,0.036229268
S1163,0.16900463,0.14526153,0.0,0.1559529,0.0,0.1686542,0.2695521,0.11918457,0.3002134,0.036229268
S1164,0.16900463,0.14526153,0.0,0.1559529,0.0,0.1686542,0.2695521,0.11918457,0.3002134,0.036229268
S1165,0.16900463,0.14526153,0.0,0.1559529,0.0,0.1686542,0.2695521,0.11918457,0.3002134,0.036229268
S1166,0.16900463,0.14526153,0.0,0.1559529,0.0,0.1686542,0.2695521,0.11918457,0.3002134,0.036229268
S1167,0.16900463,0.14526153,0.0,0.1559529,0.0,0.1686542,0.2695521,0.11918457,0.3002134,0.036229268
S1168,0.16900463,0.14526153,0.0,0.1559529,0.0,0.1686542,0.2695521,0.11918457,0.3002134,0.036229268
S1169,0.16900463,0.14526153,0.0,0.1559529,0.0,0.1686542,0.2695521,0.11918457,0.3002134,0.036229268
S1170,0.16900463,0.14526153,0.0,0.1559529,0.0,0.1686542,0.2695521,0.11918457,0.3002134,0.036229268
S1171,0.16900463,0.14526153,0.0,0.1559529,0.0,0.1686542,0.2695521,0.11918457,0.3002134,0.036229268
S1172,0.16900463,0.14526153,0.0,0.1559529,0.0,0.1686542,0.2695521,0.11918457,0.3002134,0.036229268
S1173,0.16900463,0.14526153,0.0,0.1559529,0.0,0.1686542,0.2695521,0.11918457,0.3002134,0.036229268
S1174,0.16900463,0.14526153,0.0,0.1559529,0.0,0.1686542,0.2695521,0.11918457,0.3002134,0.036229268
S1175,0.16900463,0.14526153,0.0,0.1559529,0.0,0.1686542,0.2695521,0.11918457,0.3002134,0.036229268
S1176,0.16900463,0.14526153,0.0,0.1559529,0.0,0.1686542,0.2695521,0.11918457,0.3002134,0.036229268
S1177,0.16900463,0.14526153,0.0,0.1559529,0.0,0.1686542,0.2695521,0.11918457,0.3002134,0.036229268
S1178,0.16900463,0.14526153,0.0,0.1559529,0.0,0.1686542,0.2695521,0.11918457,0.3002134,0.036229268
S1179,0.16900463,0.14526153,0.0,0.1559529,0.0,0.1686542,0.2695521,0.11918457,0.3002134,0.036229268
S1180,0.16900463,0.14526153,0.0,0.1559529,0.0,0.1686542,0.2695521,0.11918457,0.3002134,0.036229268
S1181,0.16900463,0.14526153,0.0,0.1559529,0.0,0.1686542,0.2695521,0.11918457,0.3002134,0.036229268
S1182,0.16900463,0.14526153,0.0,0.1559529,0.0,0.1686542,0.2695521,0.11918457,0.3002134,0.036229268
S1183,0.16900463,0.14526153,0.0,0.1559529,0.0,0.1686542,0.2695521,0.11918457,0.3002134,0.036229268
S1184,0.16900463,0.14526153,0.0,0.1559529,0.0,0.1686542,0.2695521,0.11918457,0.3002134,0.036229268
S1185,0.16900463,0.14526153,0.0,0.1559529,0.0,0.1686542,0.2695521,0.11918457,0.3002134,0.036229268
S1186,0.16900463,0.14526153,0.0,0.1559529,0.0,0.1686542,0.2695521,0.11918457,0.3002134,0.036229268
S1187,0.16900463,0.14526153,0.0,0.1559529,0.0,0.1686542,0.2695521,0.11918457,0.3002134,0.036229268
S1188,0.16900463,0.14526153,0.0,0.1559529,0.0,0.1686542,0.2695521,0.11918457,0.3002134,0.036229268
S1189,0.16900463,0.14526153,0.0,0.1559529,0.0,0.1686542,0.2695521,0.11918457,0.3002134,0.036229268
S1190,0.16900463,0.14526153,0.0,0.1559529,0.0,0.1686542,0.2695521,0.11918457,0.3002134,0.036229268
S1191,0.16900463,0.14526153,0.0,0.1559529,0.0,0.1686542,0.2695521,0.11918457,0.3002134,0.036229268
S1192,0.16900463,0.14526153,0.0,0.1559529,0.0,0.1686542,0.2695521,0.11918457,0.3002134,0.036229268
S1193,0.16900463,0.14526153,0.0,0.1559529,0.0,0.1686542,0.2695521,0.11918457,0.3002134,0.036229268
S1194,0.16900463,0.14526153,0.0,0.1559529,0.0,0.1686542,0.2695521,0.11918457,0.3002134,0.036229268
S1195,0.16900463,0.14526153,0.0,0.1559529,0.0,0.1686542,0.2695521,0.11918457,0.3002134,0.036229268
S1196,0.16900463,0.14526153,0.0,0.1559529,0.0,0.1686542,0.2695521,0.11918457,0.3002134,0.036229268
S1197,0.16900463,0.14526153,0.0,0.1559529,0.0,0.1686542,0.2695521,0.11918457,0.3002134,0.036229268
S1198,0.16900463,0.14526153,0.0,0.1559529,0.0,0.1686542,0.2695521,0.11918457,0.3002134,0.036229268
S1199,0.16900463,0.14526153,0.0,0.1559529,0.0,0.1686542,0.2695521,0.11918457,0.3002134,0.036229268
S1200,0.16900463,0.14526153,0.0,0.1559529,0.0,0.1686542,0.2695521,0.11918457,0.3002134,0.036229268
S1201,0.16900463,0.14526153,0.0,0.1559529,0.0,0.1686542,0.2695521,0.11918457,0.3002134,0.036229268
S1202,0.16900463,0.14526153,0.0,0.1559529,0.0,0.1686542,0.2695521,0.11918457,0.3002134,0.036229268
S1203,0.16900463,0.14526153,0.0,0.1559529,0.0,0.1686542,0.2695521,0.11918457,0.3002134,0.036229268
S1204,0.16900463,0.14526153,0.0,0.1559529,0.0,0.1686542,0.2695521,0.11918457,0.3002134,0.036229268
S1205,0.16900463,0.14526153,0.0,0.1559529,0.0,0.1686542,0.2695521,0.11918457,0.3002134,0.036229268
S1206,0.16900463,0.14526153,0.0,0.1559529,0.0,0.1686542,0.2695521,0.11918457,0.3002134,0.036229268
S1207,0.16900463,0.14526153,0.0,0.1559529,0.0,0.1686542,0.2695521,0.11918457,0.3002134,0.036229268
S1208,0.16900463,0.14526153,0.0,0.1559529,0.0,0.1686542,0.2695521,0.11918457,0.3002134,0.036229268
S1209,0.16900463,0.14526153,0.0,0.1559529,0.0,0.1686542,0.2695521,0.11918457,0.3002134,0.036229268
S1210,0.16900463,0.14526153,0.0,0.1559529,0.0,0.1686542,0.2695521,0.11918457,0.3002134,0.036229268
S1211,0.16900463,0.14526153,0.0,0.1559529,0.0,0.1686542,0.2695521,0.11918457,0.3002134,0.036229268
S1212,0.16900463,0.14526153,0.0,0.1559529,0.0,0.1686542,0.2695521,0.11918457,0.3002134,0.036229268
S1213,0.16900463,0.14526153,0.0,0.1559529,0.0,0.1686542,0.2695521,0.11918457,0.3002134,0.036229268
S1214,0.16900463,0.14526153,0.0,0.1559529,0.0,0.1686542,0.2695521,0.11918457,0.3002134,0.036229268
S1215,0.16900463,0.14526153,0.0,0.1559529,0.0,0.1686542,0.2695521,0.11918457,0.3002134,0.036229268
S1216,0.16900463,0.14526153,0.0,0.1559529,0.0,0.1686542,0.2695521,0.11918457,0.3002134,0.036229268
S1217,0.16900463,0.14526153,0.0,0.1559529,0.0,0.1686542,0.2695521,0.11918457,0.3002134,0.036229268
S1218,0.16900463,0.14526153,0.0,0.1559529,0.0,0.1686542,0.2695521,0.11918457,0.3002134,0.036229268
S1219,0.16900463,0.14526153,0.0,0.1559529,0.0,0.1686542,0.2695521,0.11918457,0.3002134,0.036229268
S1220,0.16900463,0.14526153,0.0,0.1559529,0.0,0.1686542,0.2695521,0.11918457,0.3002134,0.036229268
S1221,0.16900463,0.14526153,0.0,0.1559529,0.0,0.1686542,0.2695521,0.11918457,0.3002134,0.036229268
S1222,0.16900463,0.14526153,0.0,0.1559529,0.0,0.1686542,0.2695521,0.11918457,0.3002134,0.036229268
S1223,0.16900463,0.14526153,0.0,0.1559529,0.0,0.1686542,0.2695521,0.11918457,0.3002134,0.036229268
S1224,0.16900463,0.14526153,0.0,0.1559529,0.0,0.1686542,0.2695521,0.11918457,0.3002134,0.036229268
S1225,0.16900463,0.14526153,0.0,0.1559529,0.0,0.1686542,0.2695521,0.11918457,0.3002134,0.036229268
S1226,0.16900463,0.14526153,0.0,0.1559529,0.0,0.1686542,0.2695521,0.11918457,0.3002134,0.036229268
S1227,0.16900463,0.14526153,0.0,0.1559529,0.0,0.1686542,0.2695521,0.11918457,0.3002134,0.036229268
S1228,0.16900463,0.14526153,0.0,0.1559529,0.0,0.1686542,0.2695521,0.11918457,0.3002134,0.036229268
S1229,0.16900463,0.14526153,0.0,0.1559529,0.0,0.1686542,0.2695521,0.11918457,0.3002134,0.036229268
S1230,0.16900463,0.14526153,0.0,0.1559529,0.0,0.1686542,0.2695521,0.11918457,0.3002134,0.036229268
S1231,0.16900463,0.14526153,0.0,0.1559529,0.0,0.1686542,0.2695521,0.11918457,0.3002134,0.036229268
S1232,0.16900463,0.14526153,0.0,0.1559529,0.0,0.1686542,0.2695521,0.11918457,0.3002134,0.036229268
S1233,0.16900463,0.14526153,0.0,0.1559529,0.0,0.1686542,0.2695521,0.11918457,0.3002134,0.036229268
S1234,0.16900463,0.14526153,0.0,0.1559529,0.0,0.1686542,0.2695521,0.11918457,0.3002134,0.036229268
S1235,0.16900463,0.14526153,0.0,0.1559529,0.0,0.1686542,0.2695521,0.11918457,0.3002134,0.036229268
S1236,0.16900463,0.14526153,0.0,0.1559529,0.0,0.1686542,0.2695521,0.11918457,0.3002134,0.036229268
S1237,0.16900463,0.14526153,0.0,0.1559529,0.0,0.1686542,0.2695521,0.11918457,0.3002134,0.036229268
S1238,0.16900463,0.14526153,0.0,0.1559529,0.0,0.1686542,0.2695521,0.11918457,0.3002134,0.036229268
S1239,0.16900463,0.14526153,0.0,0.1559529,0.0,0.1686542,0.2695521,0.11918457,0.3002134,0.036229268
S1240,0.16900463,0.14526153,0.0,0.1559529,0.0,0.1686542,0.2695521,0.11918457,0.3002134,0.036229268
S1241,0.16900463,0.14526153,0.0,0.1559529,0.0,0.1686542,0.2695521,0.11918457,0.3002134,0.036229268
S1242,0.16900463,0.14526153,0.0,0.1559529,0.0,0.1686542,0.2695521,0.11918457,0.3002134,0.036229268
S1243,0.16900463,0.14526153,0.0,0.1559529,0.0,0.1686542,0.2695521,0.11918457,0.3002134,0.036229268
S1244,0.16900463,0.14526153,0.0,0.1559529,0.0,0.1686542,0.2695521,0.11918457,0.3002134,0.036229268
S1245,0.16900463,0.14526153,0.0,0.1559529,0.0,0.1686542,0.2695521,0.11918457,0.3002134,0.036229268
S1246,0.16900463,0.14526153,0.0,0.1559529,0.0,0.1686542,0.2695521,0.11918457,0.3002134,0.036229268
S1247,0.16900463,0.14526153,0.0,0.1559529,0.0,0.1686542,0.2695521,0.11918457,0.3002134,0.036229268
S1248,0.16900463,0.14526153,0.0,0.1559529,0.0,0.1686542,0.2695521,0.11918457,0.3002134,0.036229268
S1249,0.16900463,0.14526153,0.0,0.1559529,0.0,0.1686542,0.2695521,0.11918457,0.3002134,0.036229268
S1250,0.16900463,0.14526153,0.0,0.1559529,0.0,0.1686542,0.2695521,0.11918457,0.3002134,0.036229268
S1251,0.16900463,0.14526153,0.0,0.1559529,0.0,0.1686542,0.2695521,0.11918457,0.3002134,0.036229268
S1252,0.16900463,0.14526153,0.0,0.1559529,0.0,0.1686542,0.2695521,0.11918457,0.3002134,0.036229268
S1253,0.16900463,0.14526153,0.0,0.1559529,0.0,0.1686542,0.2695521,0.11918457,0.3002134,0.036229268
S1254,0.16900463,0.14526153,0.0,0.1559529,0.0,0.1686542,0.2695521,0.11918457,0.3002134,0.036229268
S1255,0.16900463,0.14526153,0.0,0.1559529,0.0,0.1686542,0.2695521,0.11918457,0.3002134,0.036229268
S1256,0.16900463,0.14526153,0.0,0.1559529,0.0,0.1686542,0.2695521,0.11918457,0.3002134,0.036229268
S1257,0.16900463,0.14526153,0.0,0.1559529,0.0,0.1686542,0.2695521,0.11918457,0.3002134,0.036229268
S1258,0.16900463,0.14526153,0.0,0.1559529,0.0,0.1686542,0.2695521,0.11918457,0.3002134,0.036229268
S1259,0.16900463,0.14526153,0.0,0.1559529,0.0,0.1686542,0.2695521,0.11918457,0.3002134,0.036229268
S1260,0.16900463,0.14526153,0.0,0.1559529,0.0,0.1686542,0.2695521,0.11918457,0.3002134,0.036229268
S1261,0.16900463,0.14526153,0.0,0.1559529,0.0,0.1686542,0.2695521,0.11918457,0.3002134,0.036229268
S1262,0.16900463,0.14526153,0.0,0.1559529,0.0,0.1686542,0.2695521,0.11918457,0.3002134,0.036229268
S1263,0.16900463,0.14526153,0.0,0.1559529,0.0,0.1686542,0.2695521,0.11918457,0.3002134,0.036229268
S1264,0.16900463,0.14526153,0.0,0.1559529,0.0,0.1686542,0.2695521,0.11918457,0.3002134,0.036229268
S1265,0.16900463,0.14526153,0.0,0.1559529,0.0,0.1686542,0.2695521,0.11918457,0.3002134,0.036229268
S1266,0.16900463,0.14526153,0.0,0.1559529,0.0,0.1686542,0.2695521,0.11918457,0.3002134,0.036229268
S1267,0.16900463,0.14526153,0.0,0.1559529,0.0,0.1686542,0.2695521,0.11918457,0.3002134,0.036229268
S1268,0.16900463,0.14526153,0.0,0.1559529,0.0,0.1686542,0.2695521,0.11918457,0.3002134,0.036229268
S1269,0.16900463,0.14526153,0.0,0.1559529,0.0,0.1686542,0.2695521,0.11918457,0.3002134,0.036229268
S1270,0.16900463,0.14526153,0.0,0.1559529,0.0,0.1686542,0.2695521,0.11918457,0.3002134,0.036229268
S1271,0.16900463,0.14526153,0.0,0.1559529,0.0,0.1686542,0.2695521,0.11918457,0.3002134,0.036229268
S1272,0.16900463,0.14526153,0.0,0.1559529,0.0,0.1686542,0.2695521,0.11918457,0.3002134,0.036229268
S1273,0.16900463,0.14526153,0.0,0.1559529,0.0,0.1686542,0.2695521,0.11918457,0.3002134,0.036229268
S1274,0.16900463,0.14526153,0.0,0.1559529,0.0,0.1686542,0.2695521,0.11918457,0.3002134,0.036229268
S1275,0.16900463,0.14526153,0.0,0.1559529,0.0,0.1686542,0.2695521,0.11918457,0.3002134,0.036229268
S1276,0.16900463,0.14526153,0.0,0.1559529,0.0,0.1686542,0.2695521,0.11918457,0.3002134,0.036229268
S1277,0.16900463,0.14526153,0.0,0.1559529,0.0,0.1686542,0.2695521,0.11918457,0.3002134,0.036229268
S1278,0.16900463,0.14526153,0.0,0.1559529,0.0,0.1686542,0.2695521,0.11918457,0.3002134,0.036229268
S1279,0.16900463,0.14526153,0.0,0.1559529,0.0,0.1686542,0.2695521,0.11918457,0.3002134,0.036229268
S1280,0.16900463,0.14526153,0.0,0.1559529,0.0,0.1686542,0.2695521,0.11918457,0.3002134,0.036229268
S1281,0.16900463,0.14526153,0.0,0.1559529,0.0,0.1686542,0.2695521,0.11918457,0.3002134,0.036229268
S1282,0.16900463,0.14526153,0.0,0.1559529,0.0,0.1686542,0.2695521,0.11918457,0.3002134,0.036229268
S1283,0.16900463,0.14526153,0.0,0.1559529,0.0,0.1686542,0.2695521,0.11918457,0.3002134,0.036229268
S1284,0.16900463,0.14526153,0.0,0.1559529,0.0,0.1686542,0.2695521,0.11918457,0.3002134,0.036229268
S1285,0.16900463,0.14526153,0.0,0.1559529,0.0,0.1686542,0.2695521,0.11918457,0.3002134,0.036229268
S1286,0.16900463,0.14526153,0.0,0.1559529,0.0,0.1686542,0.2695521,0.11918457,0.3002134,0.036229268
S1287,0.16900463,0.14526153,0.0,0.1559529,0.0,0.1686542,0.2695521,0.11918457,0.3002134,0.036229268
S1288,0.16900463,0.14526153,0.0,0.1559529,0.0,0.1686542,0.2695521,0.11918457,0.3002134,0.036229268
S1289,0.16900463,0.14526153,0.0,0.1559529,0.0,0.1686542,0.2695521,0.11918457,0.3002134,0.036229268
S1290,0.16900463,0.14526153,0.0,0.1559529,0.0,0.1686542,0.2695521,0.11918457,0.3002134,0.036229268
S1291,0.16900463,0.14526153,0.0,0.1559529,0.0,0.1686542,0.2695521,0.11918457,0.3002134,0.036229268
S1292,0.16900463,0.14526153,0.0,0.1559529,0.0,0.1686542,0.2695521,0.11918457,0.3002134,0.036229268
S1293,0.16900463,0.14526153,0.0,0.1559529,0.0,0.1686542,0.2695521,0.11918457,0.3002134,0.036229268
S1294,0.16900463,0.14526153,0.0,0.1559529,0.0,0.1686542,0.2695521,0.11918457,0.3002134,0.036229268
S1295,0.16900463,0.14526153,0.0,0.1559529,0.0,0.1686542,0.2695521,0.11918457,0.3002134,0.036229268
S1296,0.16900463,0.14526153,0.0,0.1559529,0.0,0.1686542,0.2695521,0.11918457,0.3002134,0.036229268
S1297,0.16900463,0.14526153,0.0,0.1559529,0.0,0.1686542,0.2695521,0.11918457,0.3002134,0.036229268
S1298,0.16900463,0.14526153,0.0,0.1559529,0.0,0.1686542,0.2695521,0.11918457,0.3002134,0.036229268
S1299,0.16900463,0.14526153,0.0,0.1559529,0.0,0.1686542,0.2695521,0.11918457,0.3002134,0.036229268
S1300,0.16900463,0.14526153,0.0,0.1559529,0.0,0.1686542,0.2695521,0.11918457,0.3002134,0.036229268
S1301,0.16900463,0.14526153,0.0,0.1559529,0.0,0.1686542,0.2695521,0.11918457,0.3002134,0.036229268
S1302,0.16900463,0.14526153,0.0,0.1559529,0.0,0.1686542,0.2695521,0.11918457,0.3002134,0.036229268
S1303,0.16900463,0.14526153,0.0,0.1559529,0.0,0.1686542,0.2695521,0.11918457,0.3002134,0.036229268
S1304,0.16900463,0.14526153,0.0,0.1559529,0.0,0.1686542,0.2695521,0.11918457,0.3002134,0.036229268
S1305,0.16900463,0.14526153,0.0,0.1559529,0.0,0.1686542,0.2695521,0.11918457,0.3002134,0.036229268
S1306,0.16900463,0.14526153,0.0,0.1559529,0.0,0.1686542,0.2695521,0.11918457,0.3002134,0.036229268
S1307,0.16900463,0.14526153,0.0,0.1559529,0.0,0.1686542,0.2695521,0.11918457,0.3002134,0.036229268
S1308,0.16900463,0.14526153,0.0,0.1559529,0.0,0.1686542,0.2695521,0.11918457,0.3002134,0.036229268
S1309,0.16900463,0.14526153,0.0,0.1559529,0.0,0.1686542,0.2695521,0.11918457,0.3002134,0.036229268
S1310,0.16900463,0.14526153,0.0,0.1559529,0.0,0.1686542,0.2695521,0.11918457,0.3002134,0.036229268
S1311,0.16900463,0.14526153,0.0,0.1559529,0.0,0.1686542,0.2695521,0.11918457,0.3002134,0.036229268
S1312,0.16900463,0.14526153,0.0,0.1559529,0.0,0.1686542,0.2695521,0.11918457,0.3002134,0.036229268
S1313,0.16900463,0.14526153,0.0,0.1559529,0.0,0.1686542,0.2695521,0.11918457,0.3002134,0.036229268
S1314,0.16900463,0.14526153,0.0,0.1559529,0.0,0.1686542,0.2695521,0.11918457,0.3002134,0.036229268
S1315,0.16900463,0.14526153,0.0,0.1559529,0.0,0.1686542,0.2695521,0.11918457,0.3002134,0.036229268
S1316,0.16900463,0.14526153,0.0,0.1559529,0.0,0.1686542,0.2695521,0.11918457,0.3002134,0.036229268
S1317,0.16900463,0.14526153,0.0,0.1559529,0.0,0.1686542,0.2695521,0.11918457,0.3002134,0.036229268
S1318,0.16900463,0.14526153,0.0,0.1559529,0.0,0.1686542,0.2695521,0.11918457,0.3002134,0.036229268
S1319,0.16900463,0.14526153,0.0,0.1559529,0.0,0.1686542,0.2695521,0.11918457,0.3002134,0.036229268
S1320,0.16900463,0.14526153,0.0,0.1559529,0.0,0.1686542,0.2695521,0.11918457,0.3002134,0.036229268
S1321,0.16900463,0.14526153,0.0,0.1559529,0.0,0.1686542,0.2695521,0.11918457,0.3002134,0.036229268
S1322,0.16900463,0.14526153,0.0,0.1559529,0.0,0.1686542,0.2695521,0.11918457,0.3002134,0.036229268
S1323,0.16900463,0.14526153,0.0,0.1559529,0.0,0.1686542,0.2695521,0.11918457,0.3002134,0.036229268
S1324,0.16900463,0.14526153,0.0,0.1559529,0.0,0.1686542,0.2695521,0.11918457,0.3002134,0.036229268
S1325,0.16900463,0.14526153,0.0,0.1559529,0.0,0.1686542,0.2695521,0.11918457,0.3002134,0.036229268
S1326,0.16900463,0.14526153,0.0,0.1559529,0.0,0.1686542,0.2695521,0.11918457,0.3002134,0.036229268
S1327,0.16900463,0.14526153,0.0,0.1559529,0.0,0.1686542,0.2695521,0.11918457,0.3002134,0.036229268
S1328,0.16900463,0.14526153,0.0,0.1559529,0.0,0.1686542,0.2695521,0.11918457,0.3002134,0.036229268
S1329,0.16900463,0.14526153,0.0,0.1559529,0.0,0.1686542,0.2695521,0.11918457,0.3002134,0.036229268
S1330,0.16900463,0.14526153,0.0,0.1559529,0.0,0.1686542,0.2695521,0.11918457,0.3002134,0.036229268
S1331,0.16900463,0.14526153,0.0,0.1559529,0.0,0.1686542,0.2695521,0.11918457,0.3002134,0.036229268
S1332,0.16900463,0.14526153,0.0,0.1559529,0.0,0.1686542,0.2695521,0.11918457,0.3002134,0.036229268
S1333,0.16900463,0.14526153,0.0,0.1559529,0.0,0.1686542,0.2695521,0.11918457,0.3002134,0.036229268
S1334,0.16900463,0.14526153,0.0,0.1559529,0.0,0.1686542,0.2695521,0.11918457,0.3002134,0.036229268
S1335,0.16900463,0.14526153,0.0,0.1559529,0.0,0.1686542,0.2695521,0.11918457,0.3002134,0.036229268
S1336,0.16900463,0.14526153,0.0,0.1559529,0.0,0.1686542,0.2695521,0.11918457,0.3002134,0.036229268
S1337,0.16900463,0.14526153,0.0,0.1559529,0.0,0.1686542,0.2695521,0.11918457,0.3002134,0.036229268
S1338,0.16900463,0.14526153,0.0,0.1559529,0.0,0.1686542,0.2695521,0.11918457,0.3002134,0.036229268
S1339,0.16900463,0.14526153,0.0,0.1559529,0.0,0.1686542,0.2695521,0.11918457,0.3002134,0.036229268
S1340,0.16900463,0.14526153,0.0,0.1559529,0.0,0.1686542,0.2695521,0.11918457,0.3002134,0.036229268
S1341,0.16900463,0.14526153,0.0,0.1559529,0.0,0.1686542,0.2695521,0.11918457,0.3002134,0.036229268
S1342,0.16900463,0.14526153,0.0,0.1559529,0.0,0.1686542,0.2695521,0.11918457,0.3002134,0.036229268
S1343,0.16900463,0.14526153,0.0,0.1559529,0.0,0.1686542,0.2695521,0.11918457,0.3002134,0.036229268
S1344,0.16900463,0.14526153,0.0,0.1559529,0.0,0.1686542,0.2695521,0.11918457,0.3002134,0.036229268
S1345,0.16900463,0.14526153,0.0,0.1559529,0.0,0.1686542,0.2695521,0.11918457,0.3002134,0.036229268
S1346,0.16900463,0.14526153,0.0,0.1559529,0.0,0.1686542,0.2695521,0.11918457,0.3002134,0.036229268
S1347,0.16900463,0.14526153,0.0,0.1559529,0.0,0.1686542,0.2695521,0.11918457,0.3002134,0.036229268
S1348,0.16900463,0.14526153,0.0,0.1559529,0.0,0.1686542,0.2695521,0.11918457,0.3002134,0.036229268
S1349,0.16900463,0.14526153,0.0,0.1559529,0.0,0.1686542,0.2695521,0.11918457,0.3002134,0.036229268
S1350,0.16900463,0.14526153,0.0,0.1559529,0.0,0.1686542,0.2695521,0.11918457,0.3002134,0.036229268
S1351,0.16900463,0.14526153,0.0,0.1559529,0.0,0.1686542,0.2695521,0.11918457,0.3002134,0.036229268
S1352,0.16900463,0.14526153,0.0,0.1559529,0.0,0.1686542,0.2695521,0.11918457,0.3002134,0.036229268
S1353,0.16900463,0.14526153,0.0,0.1559529,0.0,0.1686542,0.2695521,0.11918457,0.3002134,0.036229268
S1354,0.16900463,0.14526153,0.0,0.1559529,0.0,0.1686542,0.2695521,0.11918457,0.3002134,0.036229268
S1355,0.16900463,0.14526153,0.0,0.1559529,0.0,0.1686542,0.2695521,0.11918457,0.3002134,0.036229268
S1356,0.16900463,0.14526153,0.0,0.1559529,0.0,0.1686542,0.2695521,0.11918457,0.3002134,0.036229268
S1357,0.16900463,0.14526153,0.0,0.1559529,0.0,0.1686542,0.2695521,0.11918457,0.3002134,0.036229268
S1358,0.16900463,0.14526153,0.0,0.1559529,0.0,0.1686542,0.2695521,0.11918457,0.3002134,0.036229268
S1359,0.16900463,0.14526153,0.0,0.1559529,0.0,0.1686542,0.2695521,0.11918457,0.3002134,0.036229268
S1360,0.16900463,0.14526153,0.0,0.1559529,0.0,0.1686542,0.2695521,0.11918457,0.3002134,0.036229268
S1361,0.16900463,0.14526153,0.0,0.1559529,0.0,0.1686542,0.2695521,0.11918457,0.3002134,0.036229268
S1362,0.16900463,0.14526153,0.0,0.1559529,0.0,0.1686542,0.2695521,0.11918457,0.3002134,0.036229268
S1363,0.16900463,0.14526153,0.0,0.1559529,0.0,0.1686542,0.2695521,0.11918457,0.3002134,0.036229268
S1364,0.16900463,0.14526153,0.0,0.1559529,0.0,0.1686542,0.2695521,0.11918457,0.3002134,0.036229268
S1365,0.16900463,0.14526153,0.0,0.1559529,0.0,0.1686542,0.2695521,0.11918457,0.3002134,0.036229268
S1366,0.16900463,0.14526153,0.0,0.1559529,0.0,0.1686542,0.2695521,0.11918457,0.3002134,0.036229268
S1367,0.16900463,0.14526153,0.0,0.1559529,0.0,0.1686542,0.2695521,0.11918457,0.3002134,0.036229268
S1368,0.16900463,0.14526153,0.0,0.1559529,0.0,0.1686542,0.2695521,0.11918457,0.3002134,0.036229268
S1369,0.16900463,0.14526153,0.0,0.1559529,0.0,0.1686542,0.2695521,0.11918457,0.3002134,0.036229268
S1370,0.16900463,0.14526153,0.0,0.1559529,0.0,0.1686542,0.2695521,0.11918457,0.3002134,0.036229268
S1371,0.16900463,0.14526153,0.0,0.1559529,0.0,0.1686542,0.2695521,0.11918457,0.3002134,0.036229268
S1372,0.16900463,0.14526153,0.0,0.1559529,0.0,0.1686542,0.2695521,0.11918457,0.3002134,0.036229268
S1373,0.16900463,0.14526153,0.0,0.1559529,0.0,0.1686542,0.2695521,0.11918457,0.3002134,0.036229268
S1374,0.16900463,0.14526153,0.0,0.1559529,0.0,0.1686542,0.2695521,0.11918457,0.3002134,0.036229268
S1375,0.16900463,0.14526153,0.0,0.1559529,0.0,0.1686542,0.2695521,0.11918457,0.3002134,0.036229268
S1376,0.16900463,0.14526153,0.0,0.1559529,0.0,0.1686542,0.2695521,0.11918457,0.3002134,0.036229268
S1377,0.16900463,0.14526153,0.0,0.1559529,0.0,0.1686542,0.2695521,0.11918457,0.3002134,0.036229268
S1378,0.16900463,0.14526153,0.0,0.1559529,0.0,0.1686542,0.2695521,0.11918457,0.3002134,0.036229268
S1379,0.16900463,0.14526153,0.0,0.1559529,0.0,0.1686542,0.2695521,0.11918457,0.3002134,0.036229268
S1380,0.16900463,0.14526153,0.0,0.1559529,0.0,0.1686542,0.2695521,0.11918457,0.3002134,0.036229268
S1381,0.16900463,0.14526153,0.0,0.1559529,0.0,0.1686542,0.2695521,0.11918457,0.3002134,0.036229268
S1382,0.16900463,0.14526153,0.0,0.1559529,0.0,0.1686542,0.2695521,0.11918457,0.3002134,0.036229268
S1383,0.16900463,0.14526153,0.0,0.1559529,0.0,0.1686542,0.2695521,0.11918457,0.3002134,0.036229268
S1384,0.16900463,0.14526153,0.0,0.1559529,0.0,0.1686542,0.2695521,0.11918457,0.3002134,0.036229268
S1385,0.16900463,0.14526153,0.0,0.1559529,0.0,0.1686542,0.2695521,0.11918457,0.3002134,0.036229268
S1386,0.16900463,0.14526153,0.0,0.1559529,0.0,0.1686542,0.2695521,0.11918457,0.3002134,0.036229268
S1387,0.16900463,0.14526153,0.0,0.1559529,0.0,0.1686542,0.2695521,0.11918457,0.3002134,0.036229268
S1388,0.16900463,0.14526153,0.0,0.1559529,0.0,0.1686542,0.2695521,0.11918457,0.3002134,0.036229268
S1389,0.16900463,0.14526153,0.0,0.1559529,0.0,0.1686542,0.2695521,0.11918457,0.3002134,0.036229268
S1390,0.16900463,0.14526153,0.0,0.1559529,0.0,0.1686542,0.2695521,0.11918457,0.3002134,0.036229268
S1391,0.16900463,0.14526153,0.0,0.1559529,0.0,0.1686542,0.2695521,0.11918457,0.3002134,0.036229268
S1392,0.16900463,0.14526153,0.0,0.1559529,0.0,0.1686542,0.2695521,0.11918457,0.3002134,0.036229268
S1393,0.16900463,0.14526153,0.0,0.1559529,0.0,0.1686542,0.2695521,0.11918457,0.3002134,0.036229268
S1394,0.16900463,0.14526153,0.0,0.1559529,0.0,0.1686542,0.2695521,0.11918457,0.3002134,0.036229268
S1395,0.16900463,0.14526153,0.0,0.1559529,0.0,0.1686542,0.2695521,0.11918457,0.3002134,0.036229268
S1396,0.16900463,0.14526153,0.0,0.1559529,0.0,0.1686542,0.2695521,0.11918457,0.3002134,0.036229268
S1397,0.16900463,0.14526153,0.0,0.1559529,0.0,0.1686542,0.2695521,0.11918457,0.3002134,0.036229268
S1398,0.16900463,0.14526153,0.0,0.1559529,0.0,0.1686542,0.2695521,0.11918457,0.3002134,0.036229268
S1399,0.16900463,0.14526153,0.0,0.1559529,0.0,0.1686542,0.2695521,0.11918457,0.3002134,0.036229268
S1400,0.16900463,0.14526153,0.0,0.1559529,0.0,0.1686542,0.2695521,0.11918457,0.3002134,0.036229268
S1401,0.16900463,0.14526153,0.0,0.1559529,0.0,0.1686542,0.2695521,0.11918457,0.3002134,0.036229268
S1402,0.16900463,0.14526153,0.0,0.1559529,0.0,0.1686542,0.2695521,0.11918457,0.3002134,0.036229268
S1403,0.16900463,0.14526153,0.0,0.1559529,0.0,0.1686542,0.2695521,0.11918457,0.3002134,0.036229268
S1404,0.16900463,0.14526153,0.0,0.1559529,0.0,0.1686542,0.2695521,0.11918457,0.3002134,0.036229268
S1405,0.16900463,0.14526153,0.0,0.1559529,0.0,0.1686542,0.2695521,0.11918457,0.3002134,0.036229268
S1406,0.16900463,0.14526153,0.0,0.1559529,0.0,0.1686542,0.2695521,0.11918457,0.3002134,0.036229268
S1407,0.16900463,0.14526153,0.0,0.1559529,0.0,0.1686542,0.2695521,0.11918457,0.3002134,0.036229268
S1408,0.16900463,0.14526153,0.0,0.1559529,0.0,0.1686542,0.2695521,0.11918457,0.3002134,0.036229268
S1409,0.16900463,0.14526153,0.0,0.1559529,0.0,0.1686542,0.2695521,0.11918457,0.3002134,0.036229268
S1410,0.16900463,0.14526153,0.0,0.1559529,0.0,0.1686542,0.2695521,0.11918457,0.3002134,0.036229268
S1411,0.16900463,0.14526153,0.0,0.1559529,0.0,0.1686542,0.2695521,0.11918457,0.3002134,0.036229268
S1412,0.16900463,0.14526153,0.0,0.1559529,0.0,0.1686542,0.2695521,0.11918457,0.3002134,0.036229268
S1413,0.16900463,0.14526153,0.0,0.1559529,0.0,0.1686542,0.2695521,0.11918457,0.3002134,0.036229268
S1414,0.16900463,0.14526153,0.0,0.1559529,0.0,0.1686542,0.2695521,0.11918457,0.3002134,0.036229268
S1415,0.16900463,0.14526153,0.0,0.1559529,0.0,0.1686542,0.2695521,0.11918457,0.3002134,0.036229268
S1416,0.16900463,0.14526153,0.0,0.1559529,0.0,0.1686542,0.2695521,0.11918457,0.3002134,0.036229268
S1417,0.16900463,0.14526153,0.0,0.1559529,0.0,0.1686542,0.2695521,0.11918457,0.3002134,0.036229268
S1418,0.16900463,0.14526153,0.0,0.1559529,0.0,0.1686542,0.2695521,0.11918457,0.3002134,0.036229268
S1419,0.16900463,0.14526153,0.0,0.1559529,0.0,0.1686542,0.2695521,0.11918457,0.3002134,0.036229268
S1420,0.16900463,0.14526153,0.0,0.1559529,0.0,0.1686542,0.2695521,0.11918457,0.3002134,0.036229268
S1421,0.16900463,0.14526153,0.0,0.1559529,0.0,0.1686542,0.2695521,0.11918457,0.3002134,0.036229268
S1422,0.16900463,0.14526153,0.0,0.1559529,0.0,0.1686542,0.2695521,0.11918457,0.3002134,0.036229268
S1423,0.16900463,0.14526153,0.0,0.1559529,0.0,0.1686542,0.2695521,0.11918457,0.3002134,0.036229268
S1424,0.16900463,0.14526153,0.0,0.1559529,0.0,0.1686542,0.2695521,0.11918457,0.3002134,0.036229268
S1425,0.16900463,0.14526153,0.0,0.1559529,0.0,0.1686542,0.2695521,0.11918457,0.3002134,0.036229268
S1426,0.16900463,0.14526153,0.0,0.1559529,0.0,0.1686542,0.2695521,0.11918457,0.3002134,0.036229268
S1427,0.16900463,0.14526153,0.0,0.1559529,0.0,0.1686542,0.2695521,0.11918457,0.3002134,0.036229268
S1428,0.16900463,0.14526153,0.0,0.1559529,0.0,0.1686542,0.2695521,0.11918457,0.3002134,0.036229268
S1429,0.16900463,0.14526153,0.0,0.1559529,0.0,0.1686542,0.2695521,0.11918457,0.3002134,0.036229268
S1430,0.16900463,0.14526153,0.0,0.1559529,0.0,0.1686542,0.2695521,0.11918457,0.3002134,0.036229268
S1431,0.16900463,0.14526153,0.0,0.1559529,0.0,0.1686542,0.2695521,0.11918457,0.3002134,0.036229268
S1432,0.16900463,0.14526153,0.0,0.1559529,0.0,0.1686542,0.2695521,0.11918457,0.3002134,0.036229268
S1433,0.16900463,0.14526153,0.0,0.1559529,0.0,0.1686542,0.2695521,0.11918457,0.3002134,0.036229268
S1434,0.16900463,0.14526153,0.0,0.1559529,0.0,0.1686542,0.2695521,0.11918457,0.3002134,0.036229268
S1435,0.16900463,0.14526153,0.0,0.1559529,0.0,0.1686542,0.2695521,0.11918457,0.3002134,0.036229268
S1436,0.16900463,0.14526153,0.0,0.1559529,0.0,0.1686542,0.2695521,0.11918457,0.3002134,0.036229268
S1437,0.16900463,0.14526153,0.0,0.1559529,0.0,0.1686542,0.2695521,0.11918457,0.3002134,0.036229268
S1438,0.16900463,0.14526153,0.0,0.1559529,0.0,0.1686542,0.2695521,0.11918457,0.3002134,0.036229268
S1439,0.16900463,0.14526153,0.0,0.1559529,0.0,0.1686542,0.2695521,0.11918457,0.3002134,0.036229268
S1440,0.16900463,0.14526153,0.0,0.1559529,0.0,0.1686542,0.2695521,0.11918457,0.3002134,0.036229268
S1441,0.16900463,0.14526153,0.0,0.1559529,0.0,0.1686542,0.2695521,0.11918457,0.3002134,0.036229268
S1442,0.16900463,0.14526153,0.0,0.1559529,0.0,0.1686542,0.2695521,0.11918457,0.3002134,0.036229268
S1443,0.16900463,0.14526153,0.0,0.1559529,0.0,0.1686542,0.2695521,0.11918457,0.3002134,0.036229268
S1444,0.16900463,0.14526153,0.0,0.1559529,0.0,0.1686542,0.2695521,0.11918457,0.3002134,0.036229268
S1445,0.16900463,0.14526153,0.0,0.1559529,0.0,0.1686542,0.2695521,0.11918457,0.3002134,0.036229268
S1446,0.16900463,0.14526153,0.0,0.1559529,0.0,0.1686542,0.2695521,0.11918457,0.3002134,0.036229268
S1447,0.16900463,0.14526153,0.0,0.1559529,0.0,0.1686542,0.2695521,0.11918457,0.3002134,0.036229268
S1448,0.16900463,0.14526153,0.0,0.1559529,0.0,0.1686542,0.2695521,0.11918457,0.3002134,0.036229268
S1449,0.16900463,0.14526153,0.0,0.1559529,0.0,0.1686542,0.2695521,0.11918457,0.3002134,0.036229268
S1450,0.16900463,0.14526153,0.0,0.1559529,0.0,0.1686542,0.2695521,0.11918457,0.3002134,0.036229268
S1451,0.16900463,0.14526153,0.0,0.1559529,0.0,0.1686542,0.2695521,0.11918457,0.3002134,0.036229268
S1452,0.16900463,0.14526153,0.0,0.1559529,0.0,0.1686542,0.2695521,0.11918457,0.3002134,0.036229268
S1453,0.16900463,0.14526153,0.0,0.1559529,0.0,0.1686542,0.2695521,0.11918457,0.3002134,0.036229268
S1454,0.16900463,0.14526153,0.0,0.1559529,0.0,0.1686542,0.2695521,0.11918457,0.3002134,0.036229268
S1455,0.16900463,0.14526153,0.0,0.1559529,0.0,0.1686542,0.2695521,0.11918457,0.3002134,0.036229268
S1456,0.16900463,0.14526153,0.0,0.1559529,0.0,0.1686542,0.2695521,0.11918457,0.3002134,0.036229268
S1457,0.16900463,0.14526153,0.0,0.1559529,0.0,0.1686542,0.2695521,0.11918457,0.3002134,0.036229268
S1458,0.16900463,0.14526153,0.0,0.1559529,0.0,0.1686542,0.2695521,0.11918457,0.3002134,0.036229268
S1459,0.16900463,0.14526153,0.0,0.1559529,0.0,0.1686542,0.2695521,0.11918457,0.3002134,0.036229268
S1460,0.16900463,0.14526153,0.0,0.1559529,0.0,0.1686542,0.2695521,0.11918457,0.3002134,0.036229268
S1461,0.16900463,0.14526153,0.0,0.1559529,0.0,0.1686542,0.2695521,0.11918457,0.3002134,0.036229268
S1462,0.16900463,0.14526153,0.0,0.1559529,0.0,0.1686542,0.2695521,0.11918457,0.3002134,0.036229268
S1463,0.16900463,0.14526153,0.0,0.1559529,0.0,0.1686542,0.2695521,0.11918457,0.3002134,0.036229268
S1464,0.16900463,0.14526153,0.0,0.1559529,0.0,0.1686542,0.2695521,0.11918457,0.3002134,0.036229268
S1465,0.16900463,0.14526153,0.0,0.1559529,0.0,0.1686542,0.2695521,0.11918457,0.3002134,0.036229268
S1466,0.16900463,0.14526153,0.0,0.1559529,0.0,0.1686542,0.2695521,0.11918457,0.3002134,0.036229268
S1467,0.16900463,0.14526153,0.0,0.1559529,0.0,0.1686542,0.2695521,0.11918457,0.3002134,0.036229268
S1468,0.16900463,0.14526153,0.0,0.1559529,0.0,0.1686542,0.2695521,0.11918457,0.3002134,0.036229268
S1469,0.16900463,0.14526153,0.0,0.1559529,0.0,0.1686542,0.2695521,0.11918457,0.3002134,0.036229268
S1470,0.16900463,0.14526153,0.0,0.1559529,0.0,0.1686542,0.2695521,0.11918457,0.3002134,0.036229268
S1471,0.16900463,0.14526153,0.0,0.1559529,0.0,0.1686542,0.2695521,0.11918457,0.3002134,0.036229268
S1472,0.16900463,0.14526153,0.0,0.1559529,0.0,0.1686542,0.2695521,0.11918457,0.3002134,0.036229268
S1473,0.16900463,0.14526153,0.0,0.1559529,0.0,0.1686542,0.2695521,0.11918457,0.3002134,0.036229268
S1474,0.16900463,0.14526153,0.0,0.1559529,0.0,0.1686542,0.2695521,0.11918457,0.3002134,0.036229268
S1475,0.16900463,0.14526153,0.0,0.1559529,0.0,0.1686542,0.2695521,0.11918457,0.3002134,0.036229268
S1476,0.16900463,0.14526153,0.0,0.1559529,0.0,0.1686542,0.2695521,0.11918457,0.3002134,0.036229268
S1477,0.16900463,0.14526153,0.0,0.1559529,0.0,0.1686542,0.2695521,0.11918457,0.3002134,0.036229268
S1478,0.16900463,0.14526153,0.0,0.1559529,0.0,0.1686542,0.2695521,0.11918457,0.3002134,0.036229268
S1479,0.16900463,0.14526153,0.0,0.1559529,0.0,0.1686542,0.2695521,0.11918457,0.3002134,0.036229268
S1480,0.16900463,0.14526153,0.0,0.1559529,0.0,0.1686542,0.2695521,0.11918457,0.3002134,0.036229268
S1481,0.16900463,0.14526153,0.0,0.1559529,0.0,0.1686542,0.2695521,0.11918457,0.3002134,0.036229268
S1482,0.16900463,0.14526153,0.0,0.1559529,0.0,0.1686542,0.2695521,0.11918457,0.3002134,0.036229268
S1483,0.16900463,0.14526153,0.0,0.1559529,0.0,0.1686542,0.2695521,0.11918457,0.3002134,0.036229268
S1484,0.16900463,0.14526153,0.0,0.1559529,0.0,0.1686542,0.2695521,0.11918457,0.3002134,0.036229268
S1485,0.16900463,0.14526153,0.0,0.1559529,0.0,0.1686542,0.2695521,0.11918457,0.3002134,0.036229268
S1486,0.16900463,0.14526153,0.0,0.1559529,0.0,0.1686542,0.2695521,0.11918457,0.3002134,0.036229268
S1487,0.16900463,0.14526153,0.0,0.1559529,0.0,0.1686542,0.2695521,0.11918457,0.3002134,0.036229268
S1488,0.16900463,0.14526153,0.0,0.1559529,0.0,0.1686542,0.2695521,0.11918457,0.3002134,0.036229268
S1489,0.16900463,0.14526153,0.0,0.1559529,0.0,0.1686542,0.2695521,0.11918457,0.3002134,0.036229268
S1490,0.16900463,0.14526153,0.0,0.1559529,0.0,0.1686542,0.2695521,0.11918457,0.3002134,0.036229268
S1491,0.16900463,0.14526153,0.0,0.1559529,0.0,0.1686542,0.2695521,0.11918457,0.3002134,0.036229268
S1492,0.16900463,0.14526153,0.0,0.1559529,0.0,0.1686542,0.2695521,0.11918457,0.3002134,0.036229268
S1493,0.16900463,0.14526153,0.0,0.1559529,0.0,0.1686542,0.2695521,0.11918457,0.3002134,0.036229268
S1494,0.16900463,0.14526153,0.0,0.1559529,0.0,0.1686542,0.2695521,0.11918457,0.3002134,0.036229268
S1495,0.16900463,0.14526153,0.0,0.1559529,0.0,0.1686542,0.2695521,0.11918457,0.3002134,0.036229268
S1496,0.16900463,0.14526153,0.0,0.1559529,0.0,0.1686542,0.2695521,0.11918457,0.3002134,0.036229268
S1497,0.16900463,0.14526153,0.0,0.1559529,0.0,0.1686542,0.2695521,0.11918457,0.3002134,0.036229268
S1498,0.16900463,0.14526153,0.0,0.1559529,0.0,0.1686542,0.2695521,0.11918457,0.3002134,0.036229268
S1499,0.16900463,0.14526153,0.0,0.1559529,0.0,0.1686542,0.2695521,0.11918457,0.3002134,0.036229268
S1500,0.16900463,0.14526153,0.0,0.1559529,0.0,0.1686542,0.2695521,0.11918457,0.3002134,0.036229268
S1501,0.16900463,0.14526153,0.0,0.1559529,0.0,0.1686542,0.2695521,0.11918457,0.3002134,0.036229268
S1502,0.16900463,0.14526153,0.0,0.1559529,0.0,0.1686542,0.2695521,0.11918457,0.3002134,0.036229268
S1503,0.16900463,0.14526153,0.0,0.1559529,0.0,0.1686542,0.2695521,0.11918457,0.3002134,0.036229268
S1504,0.16900463,0.14526153,0.0,0.1559529,0.0,0.1686542,0.2695521,0.11918457,0.3002134,0.036229268
S1505,0.16900463,0.14526153,0.0,0.1559529,0.0,0.1686542,0.2695521,0.11918457,0.3002134,0.036229268
S1506,0.0,0.0,1.1166527,0.0,0.14726785,0.0,0.0,0.0,3.72445,0.0
S1507,0.16900463,0.14526153,0.0,0.1559529,0.0,0.1686542,0.2695521,0.11918457,0.3002134,0.036229268
S1508,0.16900463,0.14526153,0.0,0.1559529,0.0,0.1686542,0.2695521,0.11918457,0.3002134,0.036229268
S1509,0.16900463,0.14526153,0.0,0.1559529,0.0,0.1686542,0.2695521,0.11918457,0.3002134,0.036229268
S1510,0.0,0.0,0.0,0.41977438,1.7994819,0.0,1.6876123,0.0,0.0,0.0
S1511,0.16900463,0.14526153,0.0,0.1559529,0.0,0.1686542,0.2695521,0.11918457,0.3002134,0.036229268
S1512,0.0,0.0,0.0,0.0,0.0,0.0,0.0,0.0,0.0,0.0
S1513,0.0,0.0,0.0,0.0,0.0,0.0,0.716341,1.1964493,0.0,0.0
S1514,0.16900463,0.14526153,0.0,0.1559529,0.0,0.1686542,0.2695521,0.11918457,0.3002134,0.036229268
S1515,0.16900463,0.14526153,0.0,0.1559529,0.0,0.1686542,0.2695521,0.11918457,0.3002134,0.036229268
S1516,0.0,0.0,0.0,0.0,0.0,0.0,0.0,0.0,0.0,0.0
S1517,0.16900463,0.14526153,0.0,0.1559529,0.0,0.1686542,0.2695521,0.11918457,0.3002134,0.036229268
S1518,0.0,0.0,0.0,0.0,0.0,0.0,0.0,1.5144386,0.0,0.0
S1519,0.07593309,0.0,0.0,0.10513956,0.0,0.0,0.0,0.3299401,0.0,0.0
S1520,0.16900463,0.14526153,0.0,0.1559529,0.0,0.1686542,0.2695521,0.11918457,0.3002134,0.036229268
S1521,0.16900463,0.14526153,0.0,0.1559529,0.0,0.1686542,0.2695521,0.11918457,0.3002134,0.036229268
S1522,0.0,0.0,0.0,0.0,0.0,0.0,0.0,2.311255,0.9742211,0.0
S1523,0.16900463,0.14526153,0.0,0.1559529,0.0,0.1686542,0.2695521,0.11918457,0.3002134,0.036229268
S1524,0.0,0.0,0.0,0.0,0.0,0.0,0.0,2.974538,0.0,0.0
S1525,0.0,0.0,0.0,0.0,0.0,0.0,0.0,0.0,0.0,0.0
S1526,0.0,0.0,0.0,0.0,0.0,0.0,0.0,0.0,0.29736242,0.0
S1527,0.0,0.0,0.0,0.0,0.0,0.0,0.0,0.0,0.0,0.0
S1528,0.0,0.0,0.0,0.0,0.0,0.0,0.0,0.41622388,0.0,0.0
S1529,0.0,0.0,0.0,0.0,0.0,0.0,0.0,0.0,0.0,0.0
S1530,0.0,0.0,0.0,0.0,0.0,0.0,2.1180348,0.0,0.0,0.0
S1531,0.0,0.0,0.0,0.0,0.0,0.0,0.0,0.0,0.75737876,0.0
S1532,0.16900463,0.14526153,0.0,0.1559529,0.0,0.1686542,0.2695521,0.11918457,0.3002134,0.036229268
S1533,0.16900463,0.14526153,0.0,0.1559529,0.0,0.1686542,0.2695521,0.11918457,0.3002134,0.036229268
S1534,0.0,0.0,0.0,0.0,0.0,0.0,0.0,0.40531564,0.0,0.0
S1535,0.0,0.0,0.0,0.0,0.0,0.0,0.0,2.2459033,0.0,0.0
S1536,0.0,0.0,0.0,0.6761342,2.0688143,0.0,1.2385943,0.0,0.0,0.0
S1537,0.0,0.0,0.0,0.0,0.37443295,0.0,1.2962885,0.0,0.0,0.0
S1538,0.0,0.0,0.0,0.0,0.0,0.0,0.0,1.7784256,0.0,0.0
S1539,0.10519962,0.17801408,0.0,0.1751736,0.0,0.1289497,0.2588342,0.0658887,0.2810883,0.006721478
S1540,0.0,0.0,0.0,0.0,0.0,0.0,0.9122282,1.0927285,0.0,0.0
S1541,0.0,0.0,0.0,0.0,0.0,0.0,0.0,1.8868692,0.33977476,0.0
S1542,0.16900463,0.14526153,0.0,0.1559529,0.0,0.1686542,0.2695521,0.11918457,0.3002134,0.036229268
S1543,0.16900463,0.14526153,0.0,0.1559529,0.0,0.1686542,0.2695521,0.11918457,0.3002134,0.036229268
S1544,0.0,0.0,0.0,0.0,0.0,0.0,0.0,0.67626953,0.0,0.0
S1545,2.272964,0.0,0.26455045,0.0,6.7472806,0.0,0.0,1.3613186,13.880285,4.94507
S1546,0.16900463,0.14526153,0.0,0.1559529,0.0,0.1686542,0.2695521,0.11918457,0.3002134,0.036229268
S1547,0.16900463,0.14526153,0.0,0.1559529,0.0,0.1686542,0.2695521,0.11918457,0.3002134,0.036229268
S1548,0.0,0.0,0.0,0.0,0.0,0.0,0.0,1.005234,0.0,0.0
S1549,0.16900463,0.14526153,0.0,0.1559529,0.0,0.1686542,0.2695521,0.11918457,0.3002134,0.036229268
S1550,0.0,0.0,0.0,0.0,0.0,0.0,0.15964064,0.0,0.0,0.0
S1551,0.0,0.0,0.0,0.0,0.0,0.0,0.0,1.5311171,0.06745683,0.0
S1552,0.0,0.0,0.0,1.3321295,6.009383,0.0,0.0,0.0,18.08993,6.394497
S1553,0.0,0.0,0.0,0.0,0.0,1.9072037,0.0,0.0,0.0,0.0
S1554,0.0,0.0,0.0,0.0,0.0,0.0,0.0,1.953206,0.0,0.0
S1555,0.0,0.0,0.0,0.0,1.5360755,0.0,1.2065405,0.0,0.0,0.0
S1556,0.16900463,0.14526153,0.0,0.1559529,0.0,0.1686542,0.2695521,0.11918457,0.3002134,0.036229268
S1557,0.16900463,0.14526153,0.0,0.1559529,0.0,0.1686542,0.2695521,0.11918457,0.3002134,0.036229268
S1558,0.16900463,0.14526153,0.0,0.1559529,0.0,0.1686542,0.2695521,0.11918457,0.3002134,0.036229268
S1559,0.0,0.0,0.0,0.0,1.9270325,0.0,5.261112,0.0,0.0,0.0
S1560,0.16900463,0.14526153,0.0,0.1559529,0.0,0.1686542,0.2695521,0.11918457,0.3002134,0.036229268
S1561,0.0,0.0,0.0,0.0,2.7770214,0.0,8.604284,0.0,0.0,0.0
S1562,0.16900463,0.14526153,0.0,0.1559529,0.0,0.1686542,0.2695521,0.11918457,0.3002134,0.036229268
S1563,0.16900463,0.14526153,0.0,0.1559529,0.0,0.1686542,0.2695521,0.11918457,0.3002134,0.036229268
S1564,0.0,0.0,0.0,0.0,0.0,0.0,0.0,0.0,0.0,0.0
S1565,0.16900463,0.14526153,0.0,0.1559529,0.0,0.1686542,0.2695521,0.11918457,0.3002134,0.036229268
S1566,0.0,0.0,0.0,1.2755787,0.0,0.0,1.580257,1.08102,0.0,0.0
S1567,0.0,0.0,0.0,0.0,0.0,0.0,0.0,0.0,0.0,0.0
S1568,0.0,0.0,0.0,0.0,0.0,0.0,0.0,0.0,0.0,0.0
S1569,0.16900463,0.14526153,0.0,0.1559529,0.0,0.1686542,0.2695521,0.11918457,0.3002134,0.036229268
